DES,HBA,HBD,T(K),P(kPa),w(H2O)%,experimental(g/g),DES_ratio
1:1,[Emim]Cl,DCDA,313.2,2.5,0.37,0.0461232,1.0
1:1,[Emim]Cl,DCDA,313.2,8.2,0.37,0.1114644,1.0
1:1,[Emim]Cl,DCDA,313.2,14.3,0.37,0.1627124,1.0
1:1,[Emim]Cl,DCDA,313.2,20.1,0.37,0.2158822,1.0
1:1,[Emim]Cl,DCDA,313.2,29.6,0.37,0.2869888,1.0
1:1,[Emim]Cl,DCDA,313.2,46.7,0.37,0.3824382,1.0
1:1,[Emim]Cl,DCDA,313.2,63.0,0.37,0.451623,1.0
1:1,[Emim]Cl,DCDA,313.2,82.1,0.37,0.5201672,1.0
1:1,[Emim]Cl,DCDA,313.2,102.8,0.37,0.5823054,1.0
1.5:1,[Emim]Cl,DCDA,313.2,1.6,0.45,0.0403578,1.5
1.5:1,[Emim]Cl,DCDA,313.2,4.8,0.45,0.108902,1.5
1.5:1,[Emim]Cl,DCDA,313.2,9.6,0.45,0.1703996,1.5
1.5:1,[Emim]Cl,DCDA,313.2,19.3,0.45,0.249834,1.5
1.5:1,[Emim]Cl,DCDA,313.2,31.6,0.45,0.323503,1.5
1.5:1,[Emim]Cl,DCDA,313.2,45.3,0.45,0.4054998,1.5
1.5:1,[Emim]Cl,DCDA,313.2,66.4,0.45,0.5067146,1.5
1.5:1,[Emim]Cl,DCDA,313.2,86.3,0.45,0.595758,1.5
1.5:1,[Emim]Cl,DCDA,313.2,102.0,0.45,0.650209,1.5
2:1,[Emim]Cl,DCDA,313.2,2.3,0.58,0.0819968,2.0
2:1,[Emim]Cl,DCDA,313.2,5.6,0.58,0.150541,2.0
2:1,[Emim]Cl,DCDA,313.2,10.2,0.58,0.2120386,2.0
2:1,[Emim]Cl,DCDA,313.2,16.4,0.58,0.2716144,2.0
2:1,[Emim]Cl,DCDA,313.2,26.8,0.58,0.3484864,2.0
2:1,[Emim]Cl,DCDA,313.2,51.2,0.58,0.4663568,2.0
2:1,[Emim]Cl,DCDA,313.2,73.4,0.58,0.5579626,2.0
2:1,[Emim]Cl,DCDA,313.2,102.4,0.58,0.6848014,2.0
3:1,[Emim]Cl,DCDA,313.2,1.7,0.56,0.0711066,3.0
3:1,[Emim]Cl,DCDA,313.2,4.3,0.56,0.1460568,3.0
3:1,[Emim]Cl,DCDA,313.2,8.1,0.56,0.2197258,3.0
3:1,[Emim]Cl,DCDA,313.2,13.7,0.56,0.2921136,3.0
3:1,[Emim]Cl,DCDA,313.2,20.8,0.56,0.3472052,3.0
3:1,[Emim]Cl,DCDA,313.2,34.0,0.56,0.4343268,3.0
3:1,[Emim]Cl,DCDA,313.2,50.3,0.56,0.5182454,3.0
3:1,[Emim]Cl,DCDA,313.2,73.3,0.56,0.6156166,3.0
3:1,[Emim]Cl,DCDA,313.2,102.3,0.56,0.7264404,3.0
3:1,[Emim]Cl,DCDA,298.2,0.6,0.56,0.080075,3.0
3:1,[Emim]Cl,DCDA,298.2,1.7,0.56,0.156947,3.0
3:1,[Emim]Cl,DCDA,298.2,4.8,0.56,0.272255,3.0
3:1,[Emim]Cl,DCDA,298.2,10.3,0.56,0.3785946,3.0
3:1,[Emim]Cl,DCDA,298.2,19.2,0.56,0.4874966,3.0
3:1,[Emim]Cl,DCDA,298.2,35.9,0.56,0.6265068,3.0
3:1,[Emim]Cl,DCDA,298.2,52.4,0.56,0.7565486,3.0
3:1,[Emim]Cl,DCDA,298.2,76.9,0.56,0.9077302,3.0
3:1,[Emim]Cl,DCDA,298.2,104.7,0.56,1.0621148,3.0
3:1,[Emim]Cl,DCDA,333.2,1.3,0.56,0.0454826,3.0
3:1,[Emim]Cl,DCDA,333.2,4.3,0.56,0.1172298,3.0
3:1,[Emim]Cl,DCDA,333.2,9.9,0.56,0.19218,3.0
3:1,[Emim]Cl,DCDA,333.2,29.0,0.56,0.3177376,3.0
3:1,[Emim]Cl,DCDA,333.2,51.7,0.56,0.409984,3.0
3:1,[Emim]Cl,DCDA,333.2,86.2,0.56,0.5105582,3.0
3:1,[Emim]Cl,DCDA,333.2,104.6,0.56,0.5483536,3.0
3:1,[Emim]Cl,DCDA,353.2,2.2,0.56,0.0403578,3.0
3:1,[Emim]Cl,DCDA,353.2,7.5,0.56,0.092887,3.0
3:1,[Emim]Cl,DCDA,353.2,13.6,0.56,0.137729,3.0
3:1,[Emim]Cl,DCDA,353.2,25.6,0.56,0.2005078,3.0
3:1,[Emim]Cl,DCDA,353.2,43.8,0.56,0.262646,3.0
3:1,[Emim]Cl,DCDA,353.2,67.4,0.56,0.3203,3.0
3:1,[Emim]Cl,DCDA,353.2,102.1,0.56,0.3882036,3.0
1:2,[N4444]Cl,Im,293.2,101.3,0.0167,0.96,0.5
1:2,[N4444]Cl,Ben-Im,293.2,101.3,0.0345,0.82,0.5
1:2,[N4444]Cl,Pyr,293.2,101.3,0.008,0.71,0.5
1:2,[N4444]Cl,Tetz,293.2,101.3,0.0278,0.46,0.5
1:2,[N4444]Cl,4-Mim,293.2,101.3,0.0101,1.04,0.5
1:2,[P4444]Cl,4-Mim,293.2,101.3,0.0149,1.04,0.5
1:2,[Bmim]Cl,Im,293.2,101.3,0.0147,1.24,0.5
1:2,[Bmim]Cl,4-Mim,293.2,101.3,0.0421,1.42,0.5
2:1,[Bmim]Cl,Im,293.2,101.3,0.033,1.32,2.0
1:1,[Bmim]Cl,Im,293.2,101.3,0.238,1.29,1.0
1:1,[Bmim]Cl,4-Mim,293.2,101.3,0.0571,1.31,1.0
1:2,[Bmim]Cl,4-Mim,323.2,101.3,0.0421,0.78,0.5
2:1,[Bmim]Cl,Im,308.2,101.3,0.033,1.02,2.0
2:1,[Bmim]Cl,Im,323.2,101.3,0.033,0.88,2.0
2:1,[Bmim]Cl,Im,293.2,91.17,0.033,1.21,2.0
2:1,[Bmim]Cl,Im,293.2,90.0,0.033,1.2,2.0
2:1,[Bmim]Cl,Im,293.2,81.04,0.033,1.13,2.0
2:1,[Bmim]Cl,Im,293.2,70.91,0.033,1.03,2.0
2:1,[Bmim]Cl,Im,293.2,55.72,0.033,0.92,2.0
2:1,[Bmim]Cl,Im,293.2,45.59,0.033,0.86,2.0
2:1,[Bmim]Cl,Im,293.2,25.33,0.033,0.73,2.0
2:1,[Bmim]Cl,Im,293.2,20.26,0.033,0.71,2.0
2:1,[Bmim]Cl,Im,293.2,15.2,0.033,0.62,2.0
2:1,[Bmim]Cl,Im,293.2,10.13,0.033,0.53,2.0
2:1,[Bmim]Cl,Im,293.2,5.065,0.033,0.4,2.0
1:2,[Bmim]Cl,4-Mim,293.2,91.17,0.0421,1.36,0.5
1:2,[Bmim]Cl,4-Mim,293.2,75.98,0.0421,1.22,0.5
1:2,[Bmim]Cl,4-Mim,293.2,50.0,0.0421,1.01,0.5
1:2,[Bmim]Cl,4-Mim,293.2,27.0,0.0421,0.81,0.5
1:2,[Bmim]Cl,4-Mim,293.2,20.0,0.0421,0.69,0.5
1:2,[Bmim]Cl,4-Mim,293.2,10.13,0.0421,0.61,0.5
1:2,[Bmim]Cl,4-Mim,293.2,9.0,0.0421,0.55,0.5
1:2,[Bmim]Cl,4-Mim,293.2,5.07,0.0421,0.42,0.5
1:2,[Bmim]Cl,4-Mim,293.2,4.0,0.0421,0.38,0.5
1:1,[Emim]Cl,NFM,293.15,1.0,0.18,0.22,1.0
1:1,[Emim]Cl,NFM,293.15,0.5,0.18,0.195,1.0
1:1,[Emim]Cl,NFM,293.15,0.2,0.18,0.135,1.0
1:1,[Emim]Cl,NFM,313.15,1.0,0.18,0.161,1.0
1:1,[Emim]Cl,[Epy]Br,293.15,101.3,0.0,1.28,1.0
2:1,[Emim]Cl,[Epy]Br,293.15,101.3,0.0,1.33,2.0
3:1,[Emim]Cl,[Epy]Br,293.15,101.3,0.0,1.39,3.0
3:1,[Emim]Cl,[Epy]Br,303.15,101.3,0.0,1.128,3.0
3:1,[Emim]Cl,[Epy]Br,313.15,101.3,0.0,0.976,3.0
3:1,[Emim]Cl,[Epy]Br,323.15,101.3,0.0,0.827,3.0
3:1,[Emim]Cl,[Epy]Br,333.15,101.3,0.0,0.762,3.0
3:1,[Emim]Cl,[Epy]Br,343.15,101.3,0.0,0.664,3.0
3:1,[Emim]Cl,[Epy]Br,353.15,101.3,0.0,0.613,3.0
3:1,[Emim]Cl,[Epy]Br,293.15,10.13,0.0,0.698,3.0
3:1,[Emim]Cl,[Epy]Br,293.15,20.26,0.0,0.842,3.0
3:1,[Emim]Cl,[Epy]Br,293.15,40.52,0.0,1.033,3.0
3:1,[Emim]Cl,[Epy]Br,293.15,60.72,0.0,1.154,3.0
3:1,[Emim]Cl,[Epy]Br,293.15,81.04,0.0,1.284,3.0
2:1,[Emim]Cl,[Epy]Br,303.15,101.3,0.0,1.092,2.0
2:1,[Emim]Cl,[Epy]Br,313.15,101.3,0.0,0.933,2.0
2:1,[Emim]Cl,[Epy]Br,323.15,101.3,0.0,0.808,2.0
2:1,[Emim]Cl,[Epy]Br,333.15,101.3,0.0,0.719,2.0
2:1,[Emim]Cl,[Epy]Br,343.15,101.3,0.0,0.653,2.0
2:1,[Emim]Cl,[Epy]Br,353.15,101.3,0.0,0.593,2.0
2:1,[Emim]Cl,[Epy]Br,293.15,10.13,0.0,0.668,2.0
2:1,[Emim]Cl,[Epy]Br,293.15,20.26,0.0,0.792,2.0
2:1,[Emim]Cl,[Epy]Br,293.15,40.52,0.0,0.987,2.0
2:1,[Emim]Cl,[Epy]Br,293.15,60.72,0.0,1.119,2.0
2:1,[Emim]Cl,[Epy]Br,293.15,81.04,0.0,1.225,2.0
1:1,[Emim]Cl,[Epy]Br,303.15,101.3,0.0,1.029,1.0
1:1,[Emim]Cl,[Epy]Br,313.15,101.3,0.0,0.902,1.0
1:1,[Emim]Cl,[Epy]Br,323.15,101.3,0.0,0.763,1.0
1:1,[Emim]Cl,[Epy]Br,333.15,101.3,0.0,0.701,1.0
1:1,[Emim]Cl,[Epy]Br,343.15,101.3,0.0,0.621,1.0
1:1,[Emim]Cl,[Epy]Br,353.15,101.3,0.0,0.547,1.0
1:1,[Emim]Cl,[Epy]Br,293.15,10.13,0.0,0.626,1.0
1:1,[Emim]Cl,[Epy]Br,293.15,20.26,0.0,0.756,1.0
1:1,[Emim]Cl,[Epy]Br,293.15,40.52,0.0,0.922,1.0
1:1,[Emim]Cl,[Epy]Br,293.15,60.72,0.0,1.058,1.0
1:1,[Emim]Cl,[Epy]Br,293.15,81.04,0.0,1.188,1.0
1:1,[Emim]Cl,[Epy]Br,293.15,101.3,0.1,1.218,1.0
2:1,[Emim]Cl,[Epy]Br,293.15,101.3,0.1,1.244,2.0
3:1,[Emim]Cl,[Epy]Br,293.15,101.3,0.1,1.314,3.0
1:0.5,[Emim]Cl,Im,313.2,0.6,0.47,0.2037108,2.0
1:0.5,[Emim]Cl,Im,313.2,2.0,0.47,0.3068474,2.0
1:0.5,[Emim]Cl,Im,313.2,4.7,0.47,0.3965314,2.0
1:0.5,[Emim]Cl,Im,313.2,10.3,0.47,0.4939026,2.0
1:0.5,[Emim]Cl,Im,313.2,17.2,0.47,0.573337,2.0
1:0.5,[Emim]Cl,Im,313.2,27.5,0.47,0.6578962,2.0
1:0.5,[Emim]Cl,Im,313.2,42.4,0.47,0.7482208,2.0
1:0.5,[Emim]Cl,Im,313.2,59.0,0.47,0.83278,2.0
1:0.5,[Emim]Cl,Im,313.2,79.7,0.47,0.9186204,2.0
1:0.5,[Emim]Cl,Im,313.2,103.8,0.47,1.0102262,2.0
1:1,[Emim]Cl,Im,313.2,1.8,0.56,0.1812898,1.0
1:1,[Emim]Cl,Im,313.2,3.9,0.56,0.2728956,1.0
1:1,[Emim]Cl,Im,313.2,8.4,0.56,0.377954,1.0
1:1,[Emim]Cl,Im,313.2,16.0,0.56,0.4766064,1.0
1:1,[Emim]Cl,Im,313.2,21.4,0.56,0.528495,1.0
1:1,[Emim]Cl,Im,313.2,28.4,0.56,0.5823054,1.0
1:1,[Emim]Cl,Im,313.2,41.8,0.56,0.6649428,1.0
1:1,[Emim]Cl,Im,313.2,52.8,0.56,0.727081,1.0
1:1,[Emim]Cl,Im,313.2,69.7,0.56,0.803953,1.0
1:1,[Emim]Cl,Im,313.2,83.0,0.56,0.8609664,1.0
1:1,[Emim]Cl,Im,313.2,102.3,0.56,0.9365572,1.0
1:2,[Emim]Cl,Im,313.2,1.6,0.54,0.1172298,0.5
1:2,[Emim]Cl,Im,313.2,3.7,0.54,0.1934612,0.5
1:2,[Emim]Cl,Im,313.2,7.0,0.54,0.2760986,0.5
1:2,[Emim]Cl,Im,313.2,11.7,0.54,0.3472052,0.5
1:2,[Emim]Cl,Im,313.2,18.2,0.54,0.419593,0.5
1:2,[Emim]Cl,Im,313.2,26.2,0.54,0.486856,0.5
1:2,[Emim]Cl,Im,313.2,34.4,0.54,0.5489942,0.5
1:2,[Emim]Cl,Im,313.2,45.3,0.54,0.6104918,0.5
1:2,[Emim]Cl,Im,313.2,56.8,0.54,0.6700676,0.5
1:2,[Emim]Cl,Im,313.2,69.7,0.54,0.7296434,0.5
1:2,[Emim]Cl,Im,313.2,84.7,0.54,0.7917816,0.5
1:2,[Emim]Cl,Im,313.2,104.6,0.54,0.8705754,0.5
1:3,[Emim]Cl,Im,313.2,2.6,0.44,0.1274794,0.3333333333333333
1:3,[Emim]Cl,Im,313.2,5.0,0.44,0.1864146,0.3333333333333333
1:3,[Emim]Cl,Im,313.2,8.6,0.44,0.2504746,0.3333333333333333
1:3,[Emim]Cl,Im,313.2,13.6,0.44,0.326706,0.3333333333333333
1:3,[Emim]Cl,Im,313.2,20.8,0.44,0.3933284,0.3333333333333333
1:3,[Emim]Cl,Im,313.2,28.5,0.44,0.4541854,0.3333333333333333
1:3,[Emim]Cl,Im,313.2,36.2,0.44,0.5099176,0.3333333333333333
1:3,[Emim]Cl,Im,313.2,44.9,0.44,0.5611656,0.3333333333333333
1:3,[Emim]Cl,Im,313.2,56.0,0.44,0.618179,0.3333333333333333
1:3,[Emim]Cl,Im,313.2,70.1,0.44,0.6803172,0.3333333333333333
1:3,[Emim]Cl,Im,313.2,84.0,0.44,0.7347682,0.3333333333333333
1:3,[Emim]Cl,Im,313.2,98.7,0.44,0.7866568,0.3333333333333333
1:0.5,[Emim]Cl,Im,298.2,0.4,0.47,0.2133198,2.0
1:0.5,[Emim]Cl,Im,298.2,1.2,0.47,0.3311902,2.0
1:0.5,[Emim]Cl,Im,298.2,3.2,0.47,0.4272802,2.0
1:0.5,[Emim]Cl,Im,298.2,7.4,0.47,0.5457912,2.0
1:0.5,[Emim]Cl,Im,298.2,14.2,0.47,0.653412,2.0
1:0.5,[Emim]Cl,Im,298.2,23.3,0.47,0.7507832,2.0
1:0.5,[Emim]Cl,Im,298.2,34.2,0.47,0.842389,2.0
1:0.5,[Emim]Cl,Im,298.2,45.0,0.47,0.9237452,2.0
1:0.5,[Emim]Cl,Im,298.2,59.0,0.47,0.996133,2.0
1:0.5,[Emim]Cl,Im,298.2,75.0,0.47,1.082614,2.0
1:0.5,[Emim]Cl,Im,298.2,86.0,0.47,1.143471,2.0
1:0.5,[Emim]Cl,Im,298.2,104.0,0.47,1.2389204,2.0
1:0.5,[Emim]Cl,Im,333.2,2.1,0.47,0.1883364,2.0
1:0.5,[Emim]Cl,Im,333.2,3.9,0.47,0.249834,2.0
1:0.5,[Emim]Cl,Im,333.2,7.8,0.47,0.3260654,2.0
1:0.5,[Emim]Cl,Im,333.2,13.6,0.47,0.3933284,2.0
1:0.5,[Emim]Cl,Im,333.2,22.6,0.47,0.461232,2.0
1:0.5,[Emim]Cl,Im,333.2,32.7,0.47,0.5182454,2.0
1:0.5,[Emim]Cl,Im,333.2,49.4,0.47,0.5906332,2.0
1:0.5,[Emim]Cl,Im,333.2,66.7,0.47,0.6508496,2.0
1:0.5,[Emim]Cl,Im,333.2,84.5,0.47,0.70466,2.0
1:0.5,[Emim]Cl,Im,333.2,102.1,0.47,0.7533456,2.0
1:0.5,[Emim]Cl,Im,353.2,1.6,0.47,0.099293,2.0
1:0.5,[Emim]Cl,Im,353.2,3.9,0.47,0.1652748,2.0
1:0.5,[Emim]Cl,Im,353.2,8.2,0.47,0.2383032,2.0
1:0.5,[Emim]Cl,Im,353.2,13.8,0.47,0.2953166,2.0
1:0.5,[Emim]Cl,Im,353.2,21.0,0.47,0.3472052,2.0
1:0.5,[Emim]Cl,Im,353.2,29.8,0.47,0.393969,2.0
1:0.5,[Emim]Cl,Im,353.2,43.3,0.47,0.4464982,2.0
1:0.5,[Emim]Cl,Im,353.2,49.8,0.47,0.4714816,2.0
1:0.5,[Emim]Cl,Im,353.2,65.1,0.47,0.5150424,2.0
1:0.5,[Emim]Cl,Im,353.2,82.0,0.47,0.5554002,2.0
1:0.5,[Emim]Cl,Im,353.2,100.4,0.47,0.595758,2.0
1:2,[Ch]Cl,EG,303.0,101.3,0.5,0.546462693,0.5
1:2,[Ch]Cl,EG,313.0,101.3,0.5,0.398310585,0.5
1:2,[Ch]Cl,EG,323.0,101.3,0.5,0.313305278,0.5
1:2,[Ch]Cl,EG,333.0,101.3,0.5,0.238014862,0.5
1:1,[Ch]Cl,MA,293.0,101.3,0.5,0.494225213,1.0
1:1,[Ch]Cl,MA,303.0,101.3,0.5,0.368040053,1.0
1:1,[Ch]Cl,MA,313.0,101.3,0.5,0.276030039,1.0
1:1,[Ch]Cl,MA,323.0,101.3,0.5,0.210308601,1.0
1:1,[Ch]Cl,MA,333.0,101.3,0.5,0.168246881,1.0
1:2,[Ch]Cl,Urea,293.0,101.3,0.5,0.34780362,0.5
1:2,[Ch]Cl,Urea,303.0,101.3,0.5,0.387270697,0.5
1:2,[Ch]Cl,Urea,313.0,101.3,0.5,0.288603003,0.5
1:2,[Ch]Cl,Urea,323.0,101.3,0.5,0.22200231,0.5
1:2,[Ch]Cl,Urea,333.0,101.3,0.5,0.170201771,0.5
1:1,[Ch]Cl,Thiourea,293.0,101.3,0.5,0.878917215,1.0
1:1,[Ch]Cl,Thiourea,303.0,101.3,0.5,0.703727635,1.0
1:1,[Ch]Cl,Thiourea,313.0,101.3,0.5,0.561200519,1.0
1:1,[Ch]Cl,Thiourea,323.0,101.3,0.5,0.454305182,1.0
1:1,[Ch]Cl,Thiourea,333.0,101.3,0.5,0.391949569,1.0
1:2,[Ch]Cl,EG,303.0,20.26,0.5,0.157867,0.5
1:2,[Ch]Cl,EG,303.0,40.52,0.5,0.242872308,0.5
1:2,[Ch]Cl,EG,303.0,60.78,0.5,0.325448893,0.5
1:2,[Ch]Cl,EG,303.0,81.04,0.5,0.425026539,0.5
1:1,[Ch]Cl,MA,303.0,20.26,0.5,0.073608011,1.0
1:1,[Ch]Cl,MA,303.0,40.52,0.5,0.141958306,1.0
1:1,[Ch]Cl,MA,303.0,60.78,0.5,0.220824032,1.0
1:1,[Ch]Cl,MA,303.0,81.04,0.5,0.286545469,1.0
1:2,[Ch]Cl,Urea,303.0,40.52,0.5,0.241735849,0.5
1:2,[Ch]Cl,Urea,303.0,60.78,0.5,0.313269927,0.5
1:2,[Ch]Cl,Urea,303.0,81.04,0.5,0.37987062,0.5
1:1,[Ch]Cl,Thiourea,303.0,20.26,0.5,0.089079447,1.0
1:1,[Ch]Cl,Thiourea,303.0,40.52,0.5,0.216759989,1.0
1:1,[Ch]Cl,Thiourea,303.0,60.78,0.5,0.430550663,1.0
1:1,[Ch]Cl,Thiourea,303.0,81.04,0.5,0.558231204,1.0
1:1.5,ACC,Im,303.15,10.0,0.15,0.356,0.6666666666666666
1:2,ACC,Im,303.15,10.0,0.15,0.381,0.5
1:3,ACC,Im,303.15,10.0,0.15,0.383,0.3333333333333333
1:1,ACC,Triz,303.15,10.0,0.15,0.227,1.0
1:2,ACC,Im,303.15,100.0,0.15,0.989,0.5
1:2,ACC,Im,313.15,10.0,0.15,0.318,0.5
1:2,ACC,Im,323.15,10.0,0.15,0.25,0.5
1:2,ACC,Im,333.15,10.0,0.15,0.212,0.5
1:2,ACC,Im,343.15,10.0,0.15,0.162,0.5
1:2,ACC,Im,353.15,10.0,0.15,0.13,0.5
1:1,ACC,Triz,313.5,10.0,0.15,0.185,1.0
1:1,ACC,Triz,323.5,10.0,0.15,0.139,1.0
1:1,ACC,Triz,333.5,10.0,0.15,0.102,1.0
1:1,ACC,Triz,343.5,10.0,0.15,0.079,1.0
1:1,ACC,Triz,353.5,10.0,0.15,0.06,1.0
1:2,ACC,Im,303.15,20.0,0.15,0.52,0.5
1:2,ACC,Im,303.15,40.0,0.15,0.63,0.5
1:2,ACC,Im,303.15,60.0,0.15,0.739,0.5
1:2,ACC,Im,303.15,80.0,0.15,0.86,0.5
1:1,ACC,Triz,303.15,20.0,0.15,0.36,1.0
1:1,ACC,Triz,303.15,40.0,0.15,0.49,1.0
1:1,ACC,Triz,303.15,60.0,0.15,0.59,1.0
1:1,ACC,Triz,303.15,80.0,0.15,0.68,1.0
1:1,ACC,Triz,303.15,100.0,0.15,0.765,1.0
2:1,[Emim]Cl,EG,293.15,101.3,0.0,1.15,2.0
2:1,[Emim]Cl,EG,303.15,101.3,0.0,0.94,2.0
2:1,[Emim]Cl,EG,313.15,101.3,0.0,0.79,2.0
2:1,[Emim]Cl,EG,323.15,101.3,0.0,0.69,2.0
2:1,[Emim]Cl,EG,333.15,101.3,0.0,0.6,2.0
1:1,[Emim]Cl,EG,293.15,101.3,0.0,1.04,1.0
1:1,[Emim]Cl,EG,303.15,101.3,0.0,0.79,1.0
1:1,[Emim]Cl,EG,313.15,101.3,0.0,0.66,1.0
1:1,[Emim]Cl,EG,323.15,101.3,0.0,0.54,1.0
1:1,[Emim]Cl,EG,333.15,101.3,0.0,0.48,1.0
1:2,[Emim]Cl,EG,293.15,101.3,0.0,0.8,0.5
1:2,[Emim]Cl,EG,303.15,101.3,0.0,0.62,0.5
1:2,[Emim]Cl,EG,313.15,101.3,0.0,0.52,0.5
1:2,[Emim]Cl,EG,323.15,101.3,0.0,0.41,0.5
1:2,[Emim]Cl,EG,333.15,101.3,0.0,0.34,0.5
2:1,[Emim]Cl,EG,293.15,10.13,0.0,0.42,2.0
2:1,[Emim]Cl,EG,293.15,20.26,0.0,0.62,2.0
2:1,[Emim]Cl,EG,293.15,40.52,0.0,0.79,2.0
2:1,[Emim]Cl,EG,293.15,60.78,0.0,0.98,2.0
2:1,[Emim]Cl,EG,293.15,81.04,0.0,1.09,2.0
2:1,[Emim]Cl,EG,293.15,101.3,0.0,1.15,2.0
1:1,[Emim]Cl,EG,293.15,10.13,0.0,0.31,1.0
1:1,[Emim]Cl,EG,293.15,20.26,0.0,0.49,1.0
1:1,[Emim]Cl,EG,293.15,40.52,0.0,0.66,1.0
1:1,[Emim]Cl,EG,293.15,60.78,0.0,0.81,1.0
1:1,[Emim]Cl,EG,293.15,81.04,0.0,0.93,1.0
1:1,[Emim]Cl,EG,293.15,101.3,0.0,1.03,1.0
1:2,[Emim]Cl,EG,293.15,10.13,0.0,0.22,0.5
1:2,[Emim]Cl,EG,293.15,20.26,0.0,0.35,0.5
1:2,[Emim]Cl,EG,293.15,40.52,0.0,0.51,0.5
1:2,[Emim]Cl,EG,293.15,60.78,0.0,0.63,0.5
1:2,[Emim]Cl,EG,293.15,81.04,0.0,0.72,0.5
1:2,[Emim]Cl,EG,293.15,101.3,0.0,0.82,0.5
1:1,[Emim]Cl,IMD,293.15,101.3,0.0,1.14,1.0
1:1,[Bmim]Cl,IMD,293.15,101.3,0.1216,1.07,1.0
1:1,[Bmim]Br,IMD,293.15,101.3,0.1148,0.91,1.0
1:1,[N4444]Cl,IMD,293.15,101.3,0.1342,0.81,1.0
1:1,[P4444]Cl,IMD,293.15,101.3,0.1533,0.805,1.0
1:1,[Emim]Cl,DMU,293.15,101.3,0.1176,1.14,1.0
1:1,[Bmim]Cl,DMU,293.15,101.3,0.1154,1.06,1.0
1:1,[Bmim]Br,DMU,293.15,101.3,0.1096,0.92,1.0
1:1,[N4444]Cl,DMU,293.15,101.3,0.1396,0.83,1.0
1:1,[P4444]Cl,DMU,293.15,101.3,0.1624,0.824,1.0
2:1,[Bmim]Cl,DMU,293.15,101.3,0.1121,1.14,2.0
1:2,[Bmim]Cl,DMU,293.15,101.3,0.1323,0.95,0.5
1:2,[Bmim]Cl,IMD,293.15,101.3,0.1351,1.18,0.5
1:2,[Bmim]Cl,IMD,303.15,101.3,0.1351,0.95,0.5
1:2,[Bmim]Cl,IMD,313.15,101.3,0.1351,0.83,0.5
1:2,[Bmim]Cl,IMD,323.15,101.3,0.1351,0.68,0.5
1:2,[Bmim]Cl,IMD,333.15,101.3,0.1351,0.59,0.5
1:2,[Bmim]Cl,DMU,303.15,101.3,0.1323,0.93,0.5
1:2,[Bmim]Cl,DMU,313.15,101.3,0.1323,0.81,0.5
1:2,[Bmim]Cl,DMU,323.15,101.3,0.1323,0.68,0.5
1:2,[Bmim]Cl,DMU,333.15,101.3,0.1323,0.59,0.5
1:2,[Bmim]Cl,IMD,293.15,2.026,0.1351,0.25,0.5
1:2,[Bmim]Cl,IMD,293.15,10.13,0.1351,0.42,0.5
1:2,[Bmim]Cl,IMD,293.15,25.325,0.1351,0.58,0.5
1:2,[Bmim]Cl,IMD,293.15,50.65,0.1351,0.79,0.5
1:2,[Bmim]Cl,DMU,293.15,2.026,0.1323,0.26,0.5
1:2,[Bmim]Cl,DMU,293.15,10.13,0.1323,0.42,0.5
1:2,[Bmim]Cl,DMU,293.15,25.325,0.1323,0.57,0.5
1:2,[Bmim]Cl,DMU,293.15,50.65,0.1323,0.79,0.5
1:1,[Emim]Cl,SN,293.15,101.3,0.0,1.13,1.0
1:2,[Emim]Cl,SN,293.15,101.3,0.0,0.96,0.5
1:1,[Emim]Cl,EG,293.15,101.3,0.0,1.03,1.0
2:1,[Emim]Cl,EG,293.15,101.3,0.0,1.15,2.0
1:1,[Emim]Cl,SN,298.15,101.3,0.0,1.02,1.0
1:1,[Emim]Cl,SN,303.15,101.3,0.0,0.91,1.0
1:1,[Emim]Cl,SN,313.15,101.3,0.0,0.78,1.0
1:4,[PPZ]Br,Gly,293.15,1.0,0.1,0.103337887,0.25
1:4,[PPZ]Br,Gly,293.15,10.0,0.1,0.155006831,0.25
1:4,[PPZ]Br,Gly,293.15,20.0,0.1,0.179259601,0.25
1:4,[PPZ]Br,Gly,293.15,40.0,0.1,0.26361706,0.25
1:4,[PPZ]Br,Gly,293.15,60.0,0.1,0.305795789,0.25
1:4,[PPZ]Br,Gly,293.15,80.0,0.1,0.369063884,0.25
1:4,[PPZ]Br,Gly,293.15,100.0,0.1,0.418623891,0.25
1:5,[PPZ]Br,Gly,293.15,1.0,0.1,0.087903945,0.2
1:5,[PPZ]Br,Gly,293.15,10.0,0.1,0.130940252,0.2
1:5,[PPZ]Br,Gly,293.15,20.0,0.1,0.152000572,0.2
1:5,[PPZ]Br,Gly,293.15,40.0,0.1,0.230747856,0.2
1:5,[PPZ]Br,Gly,293.15,60.0,0.1,0.274699828,0.2
1:5,[PPZ]Br,Gly,293.15,80.0,0.1,0.338796455,0.2
1:5,[PPZ]Br,Gly,293.15,100.0,0.1,0.375423099,0.2
1:6,[PPZ]Br,Gly,293.15,1.0,0.1,0.080106355,0.16666666666666666
1:6,[PPZ]Br,Gly,293.15,10.0,0.1,0.12541904,0.16666666666666666
1:6,[PPZ]Br,Gly,293.15,20.0,0.1,0.141602142,0.16666666666666666
1:6,[PPZ]Br,Gly,293.15,40.0,0.1,0.20471624,0.16666666666666666
1:6,[PPZ]Br,Gly,293.15,60.0,0.1,0.24274653,0.16666666666666666
1:6,[PPZ]Br,Gly,293.15,80.0,0.1,0.307478937,0.16666666666666666
1:6,[PPZ]Br,Gly,293.15,100.0,0.1,0.338226831,0.16666666666666666
1:4,[PPZ]Br,Gly,303.15,100.0,0.1,0.311068131,0.25
1:4,[PPZ]Br,Gly,313.15,100.0,0.1,0.250963441,0.25
1:4,[PPZ]Br,Gly,323.15,100.0,0.1,0.201403434,0.25
1:4,[PPZ]Br,Gly,333.15,100.0,0.1,0.168714918,0.25
1:4,[PPZ]Br,Gly,343.15,100.0,0.1,0.158170236,0.25
1:4,[PPZ]Br,Gly,353.15,100.0,0.1,0.153952363,0.25
1:5,[PPZ]Br,Gly,303.15,100.0,0.1,0.283856489,0.2
1:5,[PPZ]Br,Gly,313.15,100.0,0.1,0.228000858,0.2
1:5,[PPZ]Br,Gly,323.15,100.0,0.1,0.187711549,0.2
1:5,[PPZ]Br,Gly,333.15,100.0,0.1,0.146506575,0.2
1:5,[PPZ]Br,Gly,343.15,100.0,0.1,0.13826558,0.2
1:5,[PPZ]Br,Gly,353.15,100.0,0.1,0.13368725,0.2
1:6,[PPZ]Br,Gly,303.15,100.0,0.1,0.254883856,0.16666666666666666
1:6,[PPZ]Br,Gly,313.15,100.0,0.1,0.202288775,0.16666666666666666
1:6,[PPZ]Br,Gly,323.15,100.0,0.1,0.16183102,0.16666666666666666
1:6,[PPZ]Br,Gly,333.15,100.0,0.1,0.130273971,0.16666666666666666
1:6,[PPZ]Br,Gly,343.15,100.0,0.1,0.12218242,0.16666666666666666
1:6,[PPZ]Br,Gly,353.15,100.0,0.1,0.118136644,0.16666666666666666
2:1,[Emim]Cl,Im,293.15,10.0,0.0,0.45,2.0
2:1,[Emim]Cl,Im,293.15,20.0,0.0,0.5,2.0
2:1,[Emim]Cl,Im,293.15,40.0,0.0,0.66,2.0
2:1,[Emim]Cl,Im,293.15,80.0,0.0,1.05,2.0
2:1,[Emim]Cl,Triz,293.15,10.0,0.0,0.44,2.0
2:1,[Emim]Cl,Triz,293.15,20.0,0.0,0.47,2.0
2:1,[Emim]Cl,Triz,293.15,40.0,0.0,0.62,2.0
2:1,[Emim]Cl,Triz,293.15,60.0,0.0,0.77,2.0
2:1,[Emim]Cl,Triz,293.15,80.0,0.0,0.97,2.0
2:1,[Emim]Cl,Tz,293.15,10.0,0.0,0.4,2.0
2:1,[Emim]Cl,Tz,293.15,20.0,0.0,0.45,2.0
2:1,[Emim]Cl,Tz,293.15,40.0,0.0,0.58,2.0
2:1,[Emim]Cl,Tz,293.15,60.0,0.0,0.74,2.0
2:1,[Emim]Cl,Tz,293.15,100.0,0.0,1.18,2.0
2:1,[Emim]Cl,Tetz,293.15,10.0,0.0,0.34,2.0
2:1,[Emim]Cl,Tetz,293.15,20.0,0.0,0.4,2.0
2:1,[Emim]Cl,Tetz,293.15,40.0,0.0,0.53,2.0
2:1,[Emim]Cl,Tetz,293.15,60.0,0.0,0.72,2.0
2:1,[Emim]Cl,Tetz,293.15,80.0,0.0,0.88,2.0
2:1,[Emim]Cl,Tetz,293.15,100.0,0.0,1.08,2.0
2:1,[Emim]Cl,Im,303.15,100.0,0.0,1.16,2.0
2:1,[Emim]Cl,Im,313.15,100.0,0.0,0.92,2.0
2:1,[Emim]Cl,Im,323.15,100.0,0.0,0.76,2.0
2:1,[Emim]Cl,Im,333.15,100.0,0.0,0.68,2.0
2:1,[Emim]Cl,Im,343.15,100.0,0.0,0.6,2.0
2:1,[Emim]Cl,Triz,303.15,100.0,0.0,1.04,2.0
2:1,[Emim]Cl,Triz,313.15,100.0,0.0,0.83,2.0
2:1,[Emim]Cl,Triz,323.15,100.0,0.0,0.71,2.0
2:1,[Emim]Cl,Triz,333.15,100.0,0.0,0.6,2.0
2:1,[Emim]Cl,Triz,343.15,100.0,0.0,0.49,2.0
2:1,[Emim]Cl,Tz,303.15,100.0,0.0,0.96,2.0
2:1,[Emim]Cl,Tz,313.15,100.0,0.0,0.76,2.0
2:1,[Emim]Cl,Tz,323.15,100.0,0.0,0.64,2.0
2:1,[Emim]Cl,Tz,333.15,100.0,0.0,0.56,2.0
2:1,[Emim]Cl,Tz,343.15,100.0,0.0,0.47,2.0
2:1,[Emim]Cl,Tetz,303.15,100.0,0.0,0.88,2.0
2:1,[Emim]Cl,Tetz,313.15,100.0,0.0,0.68,2.0
2:1,[Emim]Cl,Tetz,323.15,100.0,0.0,0.56,2.0
2:1,[Emim]Cl,Tetz,333.15,100.0,0.0,0.45,2.0
2:1,[Emim]Cl,Tetz,343.15,100.0,0.0,0.38,2.0
1:1,[Ch]Cl,Gly,293.15,101.3,0.2,0.678,1.0
1:1,[Ch]Cl,Gly,303.15,101.3,0.2,0.514,1.0
1:1,[Ch]Cl,Gly,313.15,101.3,0.2,0.394,1.0
1:1,[Ch]Cl,Gly,323.15,101.3,0.2,0.309,1.0
1:1,[Ch]Cl,Gly,333.15,101.3,0.2,0.245,1.0
1:1,[Ch]Cl,Gly,343.15,101.3,0.2,0.196,1.0
1:1,[Ch]Cl,Gly,353.15,101.3,0.2,0.158,1.0
1:2,[Ch]Cl,Gly,293.15,101.3,0.2,0.482,0.5
1:2,[Ch]Cl,Gly,303.15,101.3,0.2,0.348,0.5
1:2,[Ch]Cl,Gly,313.15,101.3,0.2,0.256,0.5
1:2,[Ch]Cl,Gly,323.15,101.3,0.2,0.192,0.5
1:2,[Ch]Cl,Gly,333.15,101.3,0.2,0.148,0.5
1:2,[Ch]Cl,Gly,343.15,101.3,0.2,0.119,0.5
1:2,[Ch]Cl,Gly,353.15,101.3,0.2,0.091,0.5
1:3,[Ch]Cl,Gly,293.15,101.3,0.2,0.38,0.3333333333333333
1:3,[Ch]Cl,Gly,303.15,101.3,0.2,0.27,0.3333333333333333
1:3,[Ch]Cl,Gly,313.15,101.3,0.2,0.195,0.3333333333333333
1:3,[Ch]Cl,Gly,323.15,101.3,0.2,0.143,0.3333333333333333
1:3,[Ch]Cl,Gly,333.15,101.3,0.2,0.109,0.3333333333333333
1:3,[Ch]Cl,Gly,343.15,101.3,0.2,0.089,0.3333333333333333
1:3,[Ch]Cl,Gly,353.15,101.3,0.2,0.066,0.3333333333333333
1:4,[Ch]Cl,Gly,303.15,101.3,0.2,0.225,0.25
1:4,[Ch]Cl,Gly,313.15,101.3,0.2,0.162,0.25
1:4,[Ch]Cl,Gly,323.15,101.3,0.2,0.118,0.25
1:4,[Ch]Cl,Gly,333.15,101.3,0.2,0.09,0.25
1:4,[Ch]Cl,Gly,343.15,101.3,0.2,0.07,0.25
1:4,[Ch]Cl,Gly,353.15,101.3,0.2,0.055,0.25
1:1,[Ch]Cl,Gly,293.15,10.13,0.2,0.153,1.0
1:1,[Ch]Cl,Gly,293.15,60.78,0.2,0.464,1.0
1:2,[Ch]Cl,Gly,293.15,10.13,0.2,0.077,0.5
1:2,[Ch]Cl,Gly,293.15,30.39,0.2,0.182,0.5
1:2,[Ch]Cl,Gly,293.15,60.78,0.2,0.308,0.5
1:3,[Ch]Cl,Gly,293.15,10.13,0.2,0.053,0.3333333333333333
1:3,[Ch]Cl,Gly,293.15,30.39,0.2,0.13,0.3333333333333333
1:3,[Ch]Cl,Gly,293.15,60.78,0.2,0.239,0.3333333333333333
1:4,[Ch]Cl,Gly,293.15,10.13,0.2,0.046,0.25
1:4,[Ch]Cl,Gly,293.15,30.39,0.2,0.113,0.25
1:4,[Ch]Cl,Gly,293.15,60.78,0.2,0.203,0.25
2:1,[Emim]Cl,PYD,293.15,100.0,0.46,1.323,2.0
1:1,[Emim]Cl,PYD,293.15,100.0,0.47,1.256,1.0
1:1,[Emim]Cl,PID,293.15,100.0,0.51,1.213,1.0
1:1,[Emim]Cl,CLAA,293.15,100.0,0.4,1.107,1.0
1:1,[Emim]Cl,IMD,293.15,100.0,0.39,1.151,1.0
2:1,[Emim]Cl,SUIM,293.15,100.0,0.5,1.16,2.0
2:1,[Emim]Cl,NHS,293.15,100.0,0.48,1.031,2.0
2:1,[Emim]Cl,PYD,303.15,100.0,0.46,1.05,2.0
2:1,[Emim]Cl,PYD,313.15,100.0,0.46,0.87,2.0
2:1,[Emim]Cl,PYD,323.15,100.0,0.46,0.74,2.0
2:1,[Emim]Cl,PYD,333.15,100.0,0.46,0.62,2.0
2:1,[Emim]Cl,PYD,343.15,100.0,0.46,0.56,2.0
1:1,[Emim]Cl,PYD,303.15,100.0,0.47,1.01,1.0
1:1,[Emim]Cl,PYD,313.15,100.0,0.47,0.85,1.0
1:1,[Emim]Cl,PYD,323.15,100.0,0.47,0.69,1.0
1:1,[Emim]Cl,PYD,333.15,100.0,0.47,0.6,1.0
1:1,[Emim]Cl,PYD,343.15,100.0,0.47,0.525,1.0
1:1,[Emim]Cl,PID,303.15,100.0,0.51,0.975,1.0
1:1,[Emim]Cl,PID,313.15,100.0,0.51,0.825,1.0
1:1,[Emim]Cl,PID,323.15,100.0,0.51,0.66,1.0
1:1,[Emim]Cl,PID,333.15,100.0,0.51,0.57,1.0
1:1,[Emim]Cl,PID,343.15,100.0,0.51,0.46,1.0
1:1,[Emim]Cl,IMD,303.15,100.0,0.39,0.93,1.0
1:1,[Emim]Cl,IMD,313.15,100.0,0.39,0.825,1.0
1:1,[Emim]Cl,IMD,323.15,100.0,0.39,0.65,1.0
1:1,[Emim]Cl,IMD,333.15,100.0,0.39,0.55,1.0
1:1,[Emim]Cl,IMD,343.15,100.0,0.39,0.453,1.0
1:1,[Emim]Cl,CLAA,303.15,100.0,0.4,0.902,1.0
1:1,[Emim]Cl,CLAA,313.15,100.0,0.4,0.75,1.0
1:1,[Emim]Cl,CLAA,323.15,100.0,0.4,0.603,1.0
1:1,[Emim]Cl,CLAA,333.15,100.0,0.4,0.522,1.0
1:1,[Emim]Cl,CLAA,343.15,100.0,0.4,0.38,1.0
2:1,[Emim]Cl,PYD,293.15,20.0,0.46,0.53,2.0
2:1,[Emim]Cl,PYD,293.15,40.0,0.46,0.751,2.0
2:1,[Emim]Cl,PYD,293.15,60.0,0.46,0.93,2.0
2:1,[Emim]Cl,PYD,293.15,80.0,0.46,1.13,2.0
1:1,[Emim]Cl,PYD,293.15,20.0,0.47,0.49,1.0
1:1,[Emim]Cl,PYD,293.15,40.0,0.47,0.74,1.0
1:1,[Emim]Cl,PYD,293.15,60.0,0.47,0.91,1.0
1:1,[Emim]Cl,PYD,293.15,80.0,0.47,1.1,1.0
1:1,[Emim]Cl,PID,293.15,20.0,0.51,0.465,1.0
1:1,[Emim]Cl,PID,293.15,40.0,0.51,0.68,1.0
1:1,[Emim]Cl,PID,293.15,60.0,0.51,0.87,1.0
1:1,[Emim]Cl,PID,293.15,80.0,0.51,1.05,1.0
1:1,[Emim]Cl,IMD,293.15,20.0,0.39,0.44,1.0
1:1,[Emim]Cl,IMD,293.15,40.0,0.39,0.67,1.0
1:1,[Emim]Cl,IMD,293.15,60.0,0.39,0.85,1.0
1:1,[Emim]Cl,IMD,293.15,80.0,0.39,1.04,1.0
1:1,[Emim]Cl,CLAA,293.15,20.0,0.4,0.38,1.0
1:1,[Emim]Cl,CLAA,293.15,40.0,0.4,0.615,1.0
1:1,[Emim]Cl,CLAA,293.15,60.0,0.4,0.8,1.0
1:1,[Emim]Cl,CLAA,293.15,80.0,0.4,0.975,1.0
2:1,[Emim]Cl,DMU,293.15,10.0,0.26,0.43,2.0
2:1,[Emim]Cl,DMU,293.15,100.0,0.26,1.22,2.0
2:1,[Emim]Cl,MU,293.15,10.0,0.37,0.36,2.0
2:1,[Emim]Cl,MU,293.15,100.0,0.37,1.09,2.0
2:1,[Emim]Cl,SAA,293.15,10.0,0.41,0.37,2.0
2:1,[Emim]Cl,SAA,293.15,100.0,0.41,1.18,2.0
2:1,[Emim]Cl,CLAA,293.15,10.0,0.44,0.45,2.0
2:1,[Emim]Cl,CLAA,293.15,100.0,0.44,1.26,2.0
2:1,[Emim]Cl,DMU,293.15,100.0,5.0,1.17,2.0
2:1,[Emim]Cl,DMU,293.15,100.0,10.0,1.07,2.0
2:1,[Emim]Cl,DMU,303.15,100.0,0.26,1.05,2.0
2:1,[Emim]Cl,DMU,313.15,100.0,0.26,0.86,2.0
2:1,[Emim]Cl,DMU,323.15,100.0,0.26,0.74,2.0
2:1,[Emim]Cl,DMU,333.15,100.0,0.26,0.63,2.0
2:1,[Emim]Cl,DMU,343.15,100.0,0.26,0.54,2.0
2:1,[Emim]Cl,DMU,353.15,100.0,0.26,0.46,2.0
2:1,[Emim]Cl,MU,303.15,100.0,0.37,0.92,2.0
2:1,[Emim]Cl,MU,313.15,100.0,0.37,0.77,2.0
2:1,[Emim]Cl,MU,323.15,100.0,0.37,0.67,2.0
2:1,[Emim]Cl,MU,333.15,100.0,0.37,0.58,2.0
2:1,[Emim]Cl,MU,343.15,100.0,0.37,0.47,2.0
2:1,[Emim]Cl,MU,353.15,100.0,0.37,0.41,2.0
2:1,[Emim]Cl,SAA,303.15,100.0,0.41,0.99,2.0
2:1,[Emim]Cl,SAA,313.15,100.0,0.41,0.83,2.0
2:1,[Emim]Cl,SAA,323.15,100.0,0.41,0.69,2.0
2:1,[Emim]Cl,SAA,333.15,100.0,0.41,0.61,2.0
2:1,[Emim]Cl,SAA,343.15,100.0,0.41,0.5,2.0
2:1,[Emim]Cl,SAA,353.15,100.0,0.41,0.4,2.0
2:1,[Emim]Cl,CLAA,303.15,100.0,0.44,1.07,2.0
2:1,[Emim]Cl,CLAA,313.15,100.0,0.44,0.9,2.0
2:1,[Emim]Cl,CLAA,323.15,100.0,0.44,0.77,2.0
2:1,[Emim]Cl,CLAA,333.15,100.0,0.44,0.64,2.0
2:1,[Emim]Cl,CLAA,343.15,100.0,0.44,0.56,2.0
2:1,[Emim]Cl,CLAA,353.15,100.0,0.44,0.47,2.0
2:1,[Emim]Cl,DMU,293.15,20.0,0.26,0.5,2.0
2:1,[Emim]Cl,DMU,293.15,40.0,0.26,0.75,2.0
2:1,[Emim]Cl,DMU,293.15,60.0,0.26,0.9,2.0
2:1,[Emim]Cl,DMU,293.15,80.0,0.26,1.05,2.0
2:1,[Emim]Cl,MU,293.15,20.0,0.37,0.47,2.0
2:1,[Emim]Cl,MU,293.15,40.0,0.37,0.68,2.0
2:1,[Emim]Cl,MU,293.15,60.0,0.37,0.85,2.0
2:1,[Emim]Cl,MU,293.15,80.0,0.37,0.97,2.0
2:1,[Emim]Cl,SAA,293.15,20.0,0.41,0.47,2.0
2:1,[Emim]Cl,SAA,293.15,40.0,0.41,0.75,2.0
2:1,[Emim]Cl,SAA,293.15,60.0,0.41,0.89,2.0
2:1,[Emim]Cl,SAA,293.15,80.0,0.41,1.06,2.0
2:1,[Emim]Cl,CLAA,293.15,20.0,0.44,0.58,2.0
2:1,[Emim]Cl,CLAA,293.15,40.0,0.44,0.79,2.0
2:1,[Emim]Cl,CLAA,293.15,60.0,0.44,0.95,2.0
2:1,[Emim]Cl,CLAA,293.15,80.0,0.44,1.09,2.0
2:1,[Emim]Cl,AA,293.15,10.0,0.2,0.49,2.0
1:1,[Emim]Cl,AA,293.15,10.0,0.2,0.46,1.0
1:2,[Emim]Cl,AA,293.15,10.0,0.2,0.27,0.5
1:1,[Bmim]Cl,AA,293.15,10.0,0.2,0.44,1.0
1:1,[Hmim]Cl,AA,293.15,10.0,0.2,0.38,1.0
1:1,[Bmim]Br,AA,293.15,10.0,0.2,0.3,1.0
1:1,[Emim]Cl,AA,293.15,100.0,0.2,1.25,1.0
1:2,[Emim]Cl,AA,293.15,100.0,0.2,1.13,0.5
1:1,[Bmim]Cl,AA,293.15,100.0,0.2,1.17,1.0
1:1,[Hmim]Cl,AA,293.15,100.0,0.2,1.02,1.0
1:1,[Bmim]Br,AA,293.15,100.0,0.2,1.01,1.0
2:1,[Emim]Cl,AA,303.15,100.0,0.2,1.14,2.0
2:1,[Emim]Cl,AA,313.15,100.0,0.2,0.915,2.0
2:1,[Emim]Cl,AA,323.15,100.0,0.2,0.7875,2.0
2:1,[Emim]Cl,AA,333.15,100.0,0.2,0.678,2.0
2:1,[Emim]Cl,AA,343.15,100.0,0.2,0.63,2.0
2:1,[Emim]Cl,AA,353.15,100.0,0.2,0.57,2.0
1:1,[Emim]Cl,AA,303.15,100.0,0.2,1.02,1.0
1:1,[Emim]Cl,AA,313.15,100.0,0.2,0.836,1.0
1:1,[Emim]Cl,AA,323.15,100.0,0.2,0.69,1.0
1:1,[Emim]Cl,AA,333.15,100.0,0.2,0.61,1.0
1:1,[Emim]Cl,AA,343.15,100.0,0.2,0.536,1.0
1:1,[Emim]Cl,AA,353.15,100.0,0.2,0.46,1.0
1:1,[Bmim]Cl,AA,303.15,100.0,0.2,0.925,1.0
1:1,[Bmim]Cl,AA,313.15,100.0,0.2,0.765,1.0
1:1,[Bmim]Cl,AA,323.15,100.0,0.2,0.63,1.0
1:1,[Bmim]Cl,AA,333.15,100.0,0.2,0.51,1.0
1:1,[Bmim]Cl,AA,343.15,100.0,0.2,0.465,1.0
1:1,[Bmim]Cl,AA,353.15,100.0,0.2,0.425,1.0
1:1,[Hmim]Cl,AA,303.15,100.0,0.2,0.827,1.0
1:1,[Hmim]Cl,AA,313.15,100.0,0.2,0.73,1.0
1:1,[Hmim]Cl,AA,323.15,100.0,0.2,0.54,1.0
1:1,[Hmim]Cl,AA,333.15,100.0,0.2,0.47,1.0
1:1,[Hmim]Cl,AA,343.15,100.0,0.2,0.43,1.0
1:1,[Hmim]Cl,AA,353.15,100.0,0.2,0.38,1.0
2:1,[Emim]Cl,AA,293.15,20.0,0.2,0.6,2.0
2:1,[Emim]Cl,AA,293.15,40.0,0.2,0.8,2.0
2:1,[Emim]Cl,AA,293.15,60.0,0.2,0.97,2.0
2:1,[Emim]Cl,AA,293.15,80.0,0.2,1.17,2.0
1:1,[Emim]Cl,AA,293.15,20.0,0.2,0.55,1.0
1:1,[Emim]Cl,AA,293.15,40.0,0.2,0.76,1.0
1:1,[Emim]Cl,AA,293.15,60.0,0.2,0.93,1.0
1:1,[Emim]Cl,AA,293.15,80.0,0.2,1.1,1.0
1:1,[Bmim]Cl,AA,293.15,20.0,0.2,0.51,1.0
1:1,[Bmim]Cl,AA,293.15,40.0,0.2,0.71,1.0
1:1,[Bmim]Cl,AA,293.15,60.0,0.2,0.86,1.0
1:1,[Bmim]Cl,AA,293.15,80.0,0.2,1.01,1.0
1:1,[Hmim]Cl,AA,293.15,20.0,0.2,0.48,1.0
1:1,[Hmim]Cl,AA,293.15,40.0,0.2,0.62,1.0
1:1,[Hmim]Cl,AA,293.15,60.0,0.2,0.77,1.0
1:1,[Hmim]Cl,AA,293.15,80.0,0.2,0.91,1.0
1:3,Bet,EG,313.15,2.026,0.0,0.069685522,0.3333333333333333
1:4,Bet,EG,313.15,2.026,0.0,0.057849109,0.25
1:5,Bet,EG,313.15,2.026,0.0,0.049449825,0.2
1:3,L-car,EG,313.15,2.026,0.0,0.151202326,0.3333333333333333
1:4,L-car,EG,313.15,2.026,0.0,0.131411546,0.25
1:5,L-car,EG,313.15,2.026,0.0,0.116830877,0.2
1:3,Bet,EG,303.15,2.026,0.0,0.086578982,0.3333333333333333
1:3,Bet,EG,323.15,2.026,0.0,0.057015427,0.3333333333333333
1:3,L-car,EG,303.15,2.026,0.0,0.165953772,0.3333333333333333
1:3,L-car,EG,323.15,2.026,0.0,0.13829481,0.3333333333333333
1:3,Bet,EG,313.15,101.3,0.0,0.366,0.3333333333333333
1:3,Bet,EG,313.15,0.3748,0.0,0.0342,0.3333333333333333
1:3,L-car,EG,313.15,101.3,0.0,0.365,0.3333333333333333
1:3,L-car,EG,313.15,0.3748,0.0,0.119,0.3333333333333333
1:2,[Ch]Cl,EG,313.15,2.026,0.0,0.0171,0.5
1:2,[Ch]Cl,Gly,313.15,2.026,0.0,0.003,0.5
1:1,[Ch]Cl,MA,313.15,2.026,0.0,0.0131,1.0
1:1,CPL,Benzoicacid,313.15,2.026,0.0,0.005,1.0
1:1,CPL,AA,313.15,2.026,0.0,0.0123,1.0
1:1,CPL,Im,313.15,2.026,0.0,0.0758,1.0
1:2,Mat,MFA,293.2,10.0,0.0,0.33,0.5
1:2,Mat,MFA,293.2,30.0,0.0,0.51,0.5
1:2,Mat,MFA,293.2,40.0,0.0,0.57,0.5
1:2,Mat,MFA,293.2,50.0,0.0,0.6,0.5
1:2,Mat,MFA,293.2,60.0,0.0,0.66,0.5
1:2,Mat,MFA,293.2,70.0,0.0,0.71,0.5
1:2,Mat,MFA,293.2,80.0,0.0,0.75,0.5
1:2,Mat,MFA,293.2,90.0,0.0,0.8,0.5
1:2,Mat,MFA,293.2,100.0,0.0,0.84,0.5
1:2,Mat,EFA,293.2,10.0,0.0,0.27,0.5
1:2,Mat,EFA,293.2,20.0,0.0,0.37,0.5
1:2,Mat,EFA,293.2,30.0,0.0,0.43,0.5
1:2,Mat,EFA,293.2,40.0,0.0,0.49,0.5
1:2,Mat,EFA,293.2,50.0,0.0,0.584,0.5
1:2,Mat,EFA,293.2,60.0,0.0,0.6,0.5
1:2,Mat,EFA,293.2,70.0,0.0,0.63,0.5
1:2,Mat,EFA,293.2,80.0,0.0,0.69,0.5
1:2,Mat,EFA,293.2,90.0,0.0,0.72,0.5
1:2,Mat,EFA,293.2,100.0,0.0,0.78,0.5
1:2,Mat,MAA,293.2,10.0,0.0,0.3,0.5
1:2,Mat,MAA,293.2,20.0,0.0,0.39,0.5
1:2,Mat,MAA,293.2,30.0,0.0,0.47,0.5
1:2,Mat,MAA,293.2,40.0,0.0,0.52,0.5
1:2,Mat,MAA,293.2,50.0,0.0,0.58,0.5
1:2,Mat,MAA,293.2,60.0,0.0,0.63,0.5
1:2,Mat,MAA,293.2,70.0,0.0,0.68,0.5
1:2,Mat,MAA,293.2,80.0,0.0,0.72,0.5
1:2,Mat,MAA,293.2,90.0,0.0,0.77,0.5
1:2,Mat,MAA,293.2,100.0,0.0,0.82,0.5
1:2,Mat,MFA,303.2,10.0,0.0,0.2,0.5
1:2,Mat,MFA,303.2,20.0,0.0,0.27,0.5
1:2,Mat,MFA,303.2,30.0,0.0,0.32,0.5
1:2,Mat,MFA,303.2,40.0,0.0,0.4,0.5
1:2,Mat,MFA,303.2,50.0,0.0,0.45,0.5
1:2,Mat,MFA,303.2,60.0,0.0,0.5,0.5
1:2,Mat,MFA,303.2,70.0,0.0,0.54,0.5
1:2,Mat,MFA,303.2,80.0,0.0,0.6,0.5
1:2,Mat,MFA,303.2,90.0,0.0,0.64,0.5
1:2,Mat,MFA,303.2,100.0,0.0,0.69,0.5
1:2,Mat,MFA,313.2,10.0,0.0,0.12,0.5
1:2,Mat,MFA,313.2,20.0,0.0,0.19,0.5
1:2,Mat,MFA,313.2,30.0,0.0,0.22,0.5
1:2,Mat,MFA,313.2,40.0,0.0,0.3,0.5
1:2,Mat,MFA,313.2,50.0,0.0,0.37,0.5
1:2,Mat,MFA,313.2,60.0,0.0,0.43,0.5
1:2,Mat,MFA,313.2,70.0,0.0,0.48,0.5
1:2,Mat,MFA,313.2,80.0,0.0,0.52,0.5
1:2,Mat,MFA,313.2,90.0,0.0,0.57,0.5
1:2,Mat,MFA,313.2,100.0,0.0,0.6,0.5
2:1,[Amim]Cl,2-NH2Py,293.0,1.0,0.0,0.273,2.0
2:1,[Amim]Cl,2-NH2Py,293.0,101.3,0.0,1.261,2.0
1:1,[Amim]Cl,2-NH2Py,293.0,1.0,0.0,0.173,1.0
1:1,[Amim]Cl,2-NH2Py,293.0,101.3,0.0,1.185,1.0
2:1,[Bmim]Cl,3-NH2Py,293.0,1.0,0.0,0.223,2.0
2:1,[Amim]Cl,3-OHPy,293.0,1.0,0.0,0.115,2.0
1:2,[Amim]Cl,2-NH2Py,293.0,101.3,0.0,1.142,0.5
2:1,[Amim]Cl,2-NH2Py,303.0,101.3,0.0,1.01,2.0
2:1,[Amim]Cl,2-NH2Py,313.0,101.3,0.0,0.9,2.0
2:1,[Amim]Cl,2-NH2Py,323.0,101.3,0.0,0.79,2.0
2:1,[Amim]Cl,2-NH2Py,333.0,101.3,0.0,0.701,2.0
2:1,[Amim]Cl,2-NH2Py,293.0,0.5,0.0,0.221,2.0
2:1,[Amim]Cl,2-NH2Py,293.0,1.0,0.0,0.273,2.0
2:1,[Amim]Cl,2-NH2Py,293.0,5.0,0.0,0.43,2.0
2:1,[Amim]Cl,2-NH2Py,293.0,10.0,0.0,0.49,2.0
1:1,[MImH]Cl,Im,293.15,100.0,0.0,1.13,1.0
1:1,[MImH]Cl,Triz,293.15,100.0,0.0,1.03,1.0
1:1,[BImH]Cl,2-Mim,293.15,100.0,0.0,1.12,1.0
1:1,[EImH]Cl,2-Mim,293.15,100.0,0.0,1.28,1.0
2:1,[MImH]Cl,2-Mim,293.15,100.0,0.0,1.27,2.0
1:2,[MImH]Cl,2-Mim,293.15,100.0,0.0,1.25,0.5
1:1,[MImH]Cl,2-Mim,293.15,10.0,0.0,0.56,1.0
1:1,[MImH]Cl,2-Mim,293.15,20.0,0.0,0.67,1.0
1:1,[MImH]Cl,2-Mim,293.15,40.0,0.0,0.9,1.0
1:1,[MImH]Cl,2-Mim,293.15,60.0,0.0,1.03,1.0
1:1,[MImH]Cl,2-Mim,293.15,80.0,0.0,1.21,1.0
1:1,[MImH]Cl,4-Mim,293.15,10.0,0.0,0.54,1.0
1:1,[MImH]Cl,4-Mim,293.15,20.0,0.0,0.62,1.0
1:1,[MImH]Cl,4-Mim,293.15,40.0,0.0,0.82,1.0
1:1,[MImH]Cl,4-Mim,293.15,60.0,0.0,0.97,1.0
1:1,[MImH]Cl,4-Mim,293.15,80.0,0.0,1.13,1.0
1:1,[MImH]Cl,Im,293.15,10.0,0.0,0.45,1.0
1:1,[MImH]Cl,Im,293.15,20.0,0.0,0.47,1.0
1:1,[MImH]Cl,Im,293.15,40.0,0.0,0.62,1.0
1:1,[MImH]Cl,Im,293.15,60.0,0.0,0.86,1.0
1:1,[MImH]Cl,Im,293.15,80.0,0.0,0.93,1.0
1:1,[MImH]Cl,Triz,293.15,10.0,0.0,0.32,1.0
1:1,[MImH]Cl,Triz,293.15,20.0,0.0,0.38,1.0
1:1,[MImH]Cl,Triz,293.15,40.0,0.0,0.52,1.0
1:1,[MImH]Cl,Triz,293.15,60.0,0.0,0.68,1.0
1:1,[MImH]Cl,Triz,293.15,80.0,0.0,0.76,1.0
1:1,[MImH]Cl,2-Mim,303.15,100.0,0.0,1.16,1.0
1:1,[MImH]Cl,2-Mim,313.15,100.0,0.0,0.99,1.0
1:1,[MImH]Cl,2-Mim,323.15,100.0,0.0,0.83,1.0
1:1,[MImH]Cl,2-Mim,333.15,100.0,0.0,0.76,1.0
1:1,[MImH]Cl,2-Mim,343.15,100.0,0.0,0.65,1.0
1:1,[MImH]Cl,4-Mim,313.15,100.0,0.0,0.93,1.0
1:1,[MImH]Cl,4-Mim,323.15,100.0,0.0,0.86,1.0
1:1,[MImH]Cl,4-Mim,333.15,100.0,0.0,0.75,1.0
1:1,[MImH]Cl,4-Mim,343.15,100.0,0.0,0.62,1.0
1:1,[MImH]Cl,Im,303.15,100.0,0.0,1.13,1.0
1:1,[MImH]Cl,Im,313.15,100.0,0.0,0.9,1.0
1:1,[MImH]Cl,Im,323.15,100.0,0.0,0.77,1.0
1:1,[MImH]Cl,Im,333.15,100.0,0.0,0.63,1.0
1:1,[MImH]Cl,Im,343.15,100.0,0.0,0.59,1.0
1:1,[MImH]Cl,Triz,313.15,100.0,0.0,0.58,1.0
1:1,[MImH]Cl,Triz,323.15,100.0,0.0,0.46,1.0
1:1,[MImH]Cl,Triz,333.15,100.0,0.0,0.37,1.0
1:1,[MImH]Cl,Triz,343.15,100.0,0.0,0.3,1.0
1:3,[Ch]Cl,GC,303.15,100.0,0.149,0.39,0.3333333333333333
1:4,[Ch]Cl,GC,303.15,100.0,0.138,0.36,0.25
1:5,[Ch]Cl,GC,303.15,100.0,0.126,0.33,0.2
1:3,[Ch]Cl,CL,303.15,100.0,0.0942,0.14,0.3333333333333333
1:4,[Ch]Cl,CL,303.15,100.0,0.0861,0.125,0.25
1:5,[Ch]Cl,CL,303.15,100.0,0.0815,0.11,0.2
1:3,[Ch]Cl,GC,293.15,100.0,0.149,0.53,0.3333333333333333
1:3,[Ch]Cl,GC,313.15,100.0,0.149,0.3,0.3333333333333333
1:3,[Ch]Cl,GC,323.15,100.0,0.149,0.2,0.3333333333333333
1:3,[Ch]Cl,GC,293.15,10.0,0.149,0.14,0.3333333333333333
1:3,[Ch]Cl,GC,293.15,30.0,0.149,0.24,0.3333333333333333
1:3,[Ch]Cl,GC,293.15,50.0,0.149,0.35,0.3333333333333333
1:3,[Ch]Cl,GC,293.15,70.0,0.149,0.41,0.3333333333333333
1:3,[Ch]Cl,GC,293.15,90.0,0.149,0.48,0.3333333333333333
1:3,[Ch]Cl,CL,293.15,10.0,0.0942,0.04,0.3333333333333333
1:3,[Ch]Cl,CL,293.15,30.0,0.0942,0.075,0.3333333333333333
1:3,[Ch]Cl,CL,293.15,50.0,0.0942,0.11,0.3333333333333333
1:3,[Ch]Cl,CL,293.15,70.0,0.0942,0.15,0.3333333333333333
1:3,[Ch]Cl,CL,293.15,90.0,0.0942,0.18,0.3333333333333333
1:1,[Emim]Cl,[Epy]Cl,293.15,101.3,0.5,1.48,1.0
1:1,[Emim]Cl,[Epy]Cl,293.15,10.13,0.5,0.78,1.0
1:1,[Emim]Br,[Epy]Cl,293.15,101.3,0.5,1.27,1.0
1:1,[Emim]Br,[Epy]Cl,293.15,10.13,0.5,0.62,1.0
1:1,[Emim]Br,[Epy]Br,293.15,101.3,0.7,1.1,1.0
1:1,[Emim]Br,[Epy]Br,293.15,10.13,0.7,0.55,1.0
1:1,[Emim]Cl,[Epy]Br,293.15,101.3,0.5,1.28,1.0
1:1,[Emim]Cl,[Epy]Br,293.15,10.13,0.5,0.63,1.0
1:1,[Emim]Cl,[Epy]Cl,293.15,10.0,0.5,0.79,1.0
1:1,[Emim]Cl,[Epy]Cl,293.15,20.0,0.5,0.9,1.0
1:1,[Emim]Cl,[Epy]Cl,293.15,40.0,0.5,1.09,1.0
1:1,[Emim]Cl,[Epy]Cl,293.15,60.0,0.5,1.26,1.0
1:1,[Emim]Cl,[Epy]Cl,293.15,80.0,0.5,1.33,1.0
1:1,[Emim]Br,[Epy]Cl,293.15,10.0,0.5,0.61,1.0
1:1,[Emim]Br,[Epy]Cl,293.15,20.0,0.5,0.73,1.0
1:1,[Emim]Br,[Epy]Cl,293.15,40.0,0.5,0.94,1.0
1:1,[Emim]Br,[Epy]Cl,293.15,60.0,0.5,1.09,1.0
1:1,[Emim]Br,[Epy]Cl,293.15,80.0,0.5,1.17,1.0
1:1,[Emim]Cl,[Epy]Br,293.15,10.0,0.5,0.62,1.0
1:1,[Emim]Cl,[Epy]Br,293.15,20.0,0.5,0.75,1.0
1:1,[Emim]Cl,[Epy]Br,293.15,40.0,0.5,0.92,1.0
1:1,[Emim]Cl,[Epy]Br,293.15,60.0,0.5,1.06,1.0
1:1,[Emim]Cl,[Epy]Br,293.15,80.0,0.5,1.2,1.0
1:1,[Emim]Br,[Epy]Br,293.15,10.0,0.7,0.55,1.0
1:1,[Emim]Br,[Epy]Br,293.15,20.0,0.7,0.65,1.0
1:1,[Emim]Br,[Epy]Br,293.15,40.0,0.7,0.81,1.0
1:1,[Emim]Br,[Epy]Br,293.15,60.0,0.7,0.92,1.0
1:1,[Emim]Br,[Epy]Br,293.15,80.0,0.7,1.05,1.0
1:1,[Emim]Cl,[Epy]Cl,303.15,101.3,0.5,1.22,1.0
1:1,[Emim]Cl,[Epy]Cl,313.15,101.3,0.5,1.03,1.0
1:1,[Emim]Cl,[Epy]Cl,323.15,101.3,0.5,0.91,1.0
1:1,[Emim]Cl,[Epy]Cl,333.15,101.3,0.5,0.81,1.0
1:1,[Emim]Cl,[Epy]Cl,343.15,101.3,0.5,0.73,1.0
1:1,[Emim]Cl,[Epy]Cl,353.15,101.3,0.5,0.65,1.0
1:1,[Emim]Br,[Epy]Cl,303.15,101.3,0.5,1.02,1.0
1:1,[Emim]Br,[Epy]Cl,313.15,101.3,0.5,0.9,1.0
1:1,[Emim]Br,[Epy]Cl,323.15,101.3,0.5,0.76,1.0
1:1,[Emim]Br,[Epy]Cl,333.15,101.3,0.5,0.7,1.0
1:1,[Emim]Br,[Epy]Cl,343.15,101.3,0.5,0.61,1.0
1:1,[Emim]Br,[Epy]Cl,353.15,101.3,0.5,0.53,1.0
1:1,[Emim]Cl,[Epy]Br,303.15,101.3,0.5,1.02,1.0
1:1,[Emim]Cl,[Epy]Br,313.15,101.3,0.5,0.91,1.0
1:1,[Emim]Cl,[Epy]Br,323.15,101.3,0.5,0.78,1.0
1:1,[Emim]Cl,[Epy]Br,333.15,101.3,0.5,0.7,1.0
1:1,[Emim]Cl,[Epy]Br,343.15,101.3,0.5,0.62,1.0
1:1,[Emim]Cl,[Epy]Br,353.15,101.3,0.5,0.53,1.0
1:1,[Emim]Br,[Epy]Br,303.15,101.3,0.7,0.9,1.0
1:1,[Emim]Br,[Epy]Br,313.15,101.3,0.7,0.79,1.0
1:1,[Emim]Br,[Epy]Br,323.15,101.3,0.7,0.68,1.0
1:1,[Emim]Br,[Epy]Br,333.15,101.3,0.7,0.59,1.0
1:1,[Emim]Br,[Epy]Br,343.15,101.3,0.7,0.51,1.0
1:1,[Emim]Br,[Epy]Br,353.15,101.3,0.7,0.48,1.0
3:1,[EimH]Cl,EG,293.2,1.8,0.32,0.03472052,3.0
3:1,[EimH]Cl,EG,293.2,3.6,0.32,0.0630991,3.0
3:1,[EimH]Cl,EG,293.2,7.7,0.32,0.1169095,3.0
3:1,[EimH]Cl,EG,293.2,14.6,0.32,0.18936136,3.0
3:1,[EimH]Cl,EG,293.2,20.2,0.32,0.23913598,3.0
3:1,[EimH]Cl,EG,293.2,28.6,0.32,0.30146636,3.0
3:1,[EimH]Cl,EG,293.2,36.6,0.32,0.35719856,3.0
3:1,[EimH]Cl,EG,293.2,54.6,0.32,0.47923286,3.0
3:1,[EimH]Cl,EG,293.2,83.5,0.32,0.643803,3.0
3:1,[EimH]Cl,EG,293.2,96.3,0.32,0.7129878,3.0
3:1,[EimH]Cl,EG,293.2,117.2,0.32,0.8129214,3.0
3:1,[EimH]Cl,EG,303.2,1.5,0.32,0.02664896,3.0
3:1,[EimH]Cl,EG,303.2,3.4,0.32,0.05304168,3.0
3:1,[EimH]Cl,EG,303.2,5.3,0.32,0.07674388,3.0
3:1,[EimH]Cl,EG,303.2,7.8,0.32,0.10384126,3.0
3:1,[EimH]Cl,EG,303.2,16.0,0.32,0.17430726,3.0
3:1,[EimH]Cl,EG,303.2,28.1,0.32,0.25521504,3.0
3:1,[EimH]Cl,EG,303.2,44.1,0.32,0.35028008,3.0
3:1,[EimH]Cl,EG,303.2,60.0,0.32,0.43490334,3.0
3:1,[EimH]Cl,EG,303.2,76.9,0.32,0.5204875,3.0
3:1,[EimH]Cl,EG,303.2,94.3,0.32,0.59915318,3.0
3:1,[EimH]Cl,EG,303.2,115.5,0.32,0.6828796,3.0
3:1,[EimH]Cl,EG,313.2,1.4,0.32,0.02030702,3.0
3:1,[EimH]Cl,EG,313.2,4.3,0.32,0.05259326,3.0
3:1,[EimH]Cl,EG,313.2,6.2,0.32,0.07053006,3.0
3:1,[EimH]Cl,EG,313.2,10.7,0.32,0.10806922,3.0
3:1,[EimH]Cl,EG,313.2,20.6,0.32,0.17847116,3.0
3:1,[EimH]Cl,EG,313.2,32.6,0.32,0.2447092,3.0
3:1,[EimH]Cl,EG,313.2,40.8,0.32,0.28692474,3.0
3:1,[EimH]Cl,EG,313.2,60.6,0.32,0.37724934,3.0
3:1,[EimH]Cl,EG,313.2,86.2,0.32,0.4785282,3.0
3:1,[EimH]Cl,EG,313.2,100.3,0.32,0.53131364,3.0
3:1,[EimH]Cl,EG,313.2,115.4,0.32,0.58531622,3.0
3:1,[EimH]Cl,EG,323.2,1.5,0.32,0.0150541,3.0
3:1,[EimH]Cl,EG,323.2,4.2,0.32,0.0409984,3.0
3:1,[EimH]Cl,EG,323.2,7.3,0.32,0.06591774,3.0
3:1,[EimH]Cl,EG,323.2,10.3,0.32,0.08654506,3.0
3:1,[EimH]Cl,EG,323.2,16.2,0.32,0.1239561,3.0
3:1,[EimH]Cl,EG,323.2,24.5,0.32,0.1649545,3.0
3:1,[EimH]Cl,EG,323.2,39.6,0.32,0.22991134,3.0
3:1,[EimH]Cl,EG,323.2,59.4,0.32,0.30518184,3.0
3:1,[EimH]Cl,EG,323.2,80.0,0.32,0.3817976,3.0
3:1,[EimH]Cl,EG,323.2,98.6,0.32,0.44227024,3.0
3:1,[EimH]Cl,EG,323.2,119.2,0.32,0.50485686,3.0
2:1,[EimH]Cl,EG,293.2,1.5,0.26,0.02536776,2.0
2:1,[EimH]Cl,EG,293.2,4.2,0.26,0.0656615,2.0
2:1,[EimH]Cl,EG,293.2,7.7,0.26,0.10819734,2.0
2:1,[EimH]Cl,EG,293.2,13.6,0.26,0.17193704,2.0
2:1,[EimH]Cl,EG,293.2,22.2,0.26,0.25226828,2.0
2:1,[EimH]Cl,EG,293.2,31.2,0.26,0.32279834,2.0
2:1,[EimH]Cl,EG,293.2,39.0,0.26,0.37468694,2.0
2:1,[EimH]Cl,EG,293.2,58.6,0.26,0.48896998,2.0
2:1,[EimH]Cl,EG,293.2,79.2,0.26,0.59338778,2.0
2:1,[EimH]Cl,EG,293.2,90.5,0.26,0.6489278,2.0
2:1,[EimH]Cl,EG,293.2,116.2,0.26,0.7764072,2.0
2:1,[EimH]Cl,EG,303.2,1.2,0.26,0.01748838,2.0
2:1,[EimH]Cl,EG,303.2,3.3,0.26,0.04631538,2.0
2:1,[EimH]Cl,EG,303.2,8.0,0.26,0.0989727,2.0
2:1,[EimH]Cl,EG,303.2,16.1,0.26,0.16854186,2.0
2:1,[EimH]Cl,EG,303.2,28.9,0.26,0.25515098,2.0
2:1,[EimH]Cl,EG,303.2,41.2,0.26,0.33016524,2.0
2:1,[EimH]Cl,EG,303.2,56.8,0.26,0.40844656,2.0
2:1,[EimH]Cl,EG,303.2,71.9,0.26,0.47974534,2.0
2:1,[EimH]Cl,EG,303.2,81.3,0.26,0.5240108,2.0
2:1,[EimH]Cl,EG,303.2,101.0,0.26,0.61061992,2.0
2:1,[EimH]Cl,EG,303.2,115.5,0.26,0.6681458,2.0
2:1,[EimH]Cl,EG,313.2,1.8,0.26,0.01979454,2.0
2:1,[EimH]Cl,EG,313.2,3.8,0.26,0.03990938,2.0
2:1,[EimH]Cl,EG,313.2,5.4,0.26,0.05489942,2.0
2:1,[EimH]Cl,EG,313.2,12.6,0.26,0.1137065,2.0
2:1,[EimH]Cl,EG,313.2,17.6,0.26,0.14644116,2.0
2:1,[EimH]Cl,EG,313.2,24.6,0.26,0.18782392,2.0
2:1,[EimH]Cl,EG,313.2,41.7,0.26,0.26738644,2.0
2:1,[EimH]Cl,EG,313.2,61.5,0.26,0.35149722,2.0
2:1,[EimH]Cl,EG,313.2,83.6,0.26,0.43490334,2.0
2:1,[EimH]Cl,EG,313.2,102.3,0.26,0.50216634,2.0
2:1,[EimH]Cl,EG,313.2,126.7,0.26,0.58634118,2.0
2:1,[EimH]Cl,EG,323.2,1.8,0.26,0.01659154,2.0
2:1,[EimH]Cl,EG,323.2,4.6,0.26,0.0387563,2.0
2:1,[EimH]Cl,EG,323.2,7.1,0.26,0.05803836,2.0
2:1,[EimH]Cl,EG,323.2,14.7,0.26,0.10576306,2.0
2:1,[EimH]Cl,EG,323.2,21.4,0.26,0.1422132,2.0
2:1,[EimH]Cl,EG,323.2,27.4,0.26,0.1703996,2.0
2:1,[EimH]Cl,EG,323.2,39.2,0.26,0.22273662,2.0
2:1,[EimH]Cl,EG,323.2,54.2,0.26,0.28192806,2.0
2:1,[EimH]Cl,EG,323.2,73.1,0.26,0.34470686,2.0
2:1,[EimH]Cl,EG,323.2,102.6,0.26,0.44022032,2.0
2:1,[EimH]Cl,EG,323.2,123.3,0.26,0.50216634,2.0
1:1,[EimH]Cl,EG,293.2,2.2,0.51,0.04119058,1.0
1:1,[EimH]Cl,EG,293.2,4.6,0.51,0.07418148,1.0
1:1,[EimH]Cl,EG,293.2,8.3,0.51,0.11543612,1.0
1:1,[EimH]Cl,EG,293.2,14.2,0.51,0.16937464,1.0
1:1,[EimH]Cl,EG,293.2,25.6,0.51,0.2491934,1.0
1:1,[EimH]Cl,EG,293.2,34.7,0.51,0.30242726,1.0
1:1,[EimH]Cl,EG,293.2,41.2,0.51,0.33637906,1.0
1:1,[EimH]Cl,EG,293.2,63.8,0.51,0.451623,1.0
1:1,[EimH]Cl,EG,293.2,83.5,0.51,0.5470724,1.0
1:1,[EimH]Cl,EG,293.2,103.5,0.51,0.6399594,1.0
1:1,[EimH]Cl,EG,293.2,121.3,0.51,0.7219562,1.0
1:1,[EimH]Cl,EG,303.2,0.9,0.51,0.01191516,1.0
1:1,[EimH]Cl,EG,303.2,5.7,0.51,0.0656615,1.0
1:1,[EimH]Cl,EG,303.2,8.0,0.51,0.08763408,1.0
1:1,[EimH]Cl,EG,303.2,18.6,0.51,0.16373736,1.0
1:1,[EimH]Cl,EG,303.2,26.2,0.51,0.20870748,1.0
1:1,[EimH]Cl,EG,303.2,36.7,0.51,0.26187728,1.0
1:1,[EimH]Cl,EG,303.2,58.3,0.51,0.35726262,1.0
1:1,[EimH]Cl,EG,303.2,71.2,0.51,0.40953558,1.0
1:1,[EimH]Cl,EG,303.2,92.1,0.51,0.4916605,1.0
1:1,[EimH]Cl,EG,303.2,108.4,0.51,0.55290186,1.0
1:1,[EimH]Cl,EG,303.2,125.3,0.51,0.6159369,1.0
1:1,[EimH]Cl,EG,313.2,2.3,0.51,0.01979454,1.0
1:1,[EimH]Cl,EG,313.2,5.7,0.51,0.0461232,1.0
1:1,[EimH]Cl,EG,313.2,8.4,0.51,0.06553338,1.0
1:1,[EimH]Cl,EG,313.2,13.0,0.51,0.0941682,1.0
1:1,[EimH]Cl,EG,313.2,25.9,0.51,0.16149526,1.0
1:1,[EimH]Cl,EG,313.2,35.6,0.51,0.2056326,1.0
1:1,[EimH]Cl,EG,313.2,43.7,0.51,0.2379829,1.0
1:1,[EimH]Cl,EG,313.2,64.2,0.51,0.31318934,1.0
1:1,[EimH]Cl,EG,313.2,75.3,0.51,0.35060038,1.0
1:1,[EimH]Cl,EG,313.2,94.9,0.51,0.41485256,1.0
1:1,[EimH]Cl,EG,313.2,115.6,0.51,0.4826921,1.0
1:1,[EimH]Cl,EG,323.2,3.5,0.51,0.02171634,1.0
1:1,[EimH]Cl,EG,323.2,7.5,0.51,0.04509824,1.0
1:1,[EimH]Cl,EG,323.2,15.6,0.51,0.08545604,1.0
1:1,[EimH]Cl,EG,323.2,19.4,0.51,0.1028163,1.0
1:1,[EimH]Cl,EG,323.2,32.8,0.51,0.15643452,1.0
1:1,[EimH]Cl,EG,323.2,49.7,0.51,0.21549784,1.0
1:1,[EimH]Cl,EG,323.2,60.1,0.51,0.24701536,1.0
1:1,[EimH]Cl,EG,323.2,72.3,0.51,0.2831452,1.0
1:1,[EimH]Cl,EG,323.2,87.5,0.51,0.32536074,1.0
1:1,[EimH]Cl,EG,323.2,103.6,0.51,0.36936996,1.0
1:1,[EimH]Cl,EG,323.2,127.3,0.51,0.43490334,1.0
1:2,[EimH]Cl,EG,293.2,0.6,0.44,0.00826374,0.5
1:2,[EimH]Cl,EG,293.2,2.0,0.44,0.02555994,0.5
1:2,[EimH]Cl,EG,293.2,6.6,0.44,0.06944104,0.5
1:2,[EimH]Cl,EG,293.2,12.1,0.44,0.11229718,0.5
1:2,[EimH]Cl,EG,293.2,21.8,0.44,0.17123238,0.5
1:2,[EimH]Cl,EG,293.2,27.2,0.44,0.20089216,0.5
1:2,[EimH]Cl,EG,293.2,42.5,0.44,0.27308778,0.5
1:2,[EimH]Cl,EG,293.2,61.8,0.44,0.36392486,0.5
1:2,[EimH]Cl,EG,293.2,76.5,0.44,0.4301629,0.5
1:2,[EimH]Cl,EG,293.2,87.9,0.44,0.48192338,0.5
1:2,[EimH]Cl,EG,293.2,112.9,0.44,0.59069726,0.5
1:2,[EimH]Cl,EG,303.2,3.5,0.44,0.02837858,0.5
1:2,[EimH]Cl,EG,303.2,7.8,0.44,0.05842272,0.5
1:2,[EimH]Cl,EG,303.2,11.2,0.44,0.07834538,0.5
1:2,[EimH]Cl,EG,303.2,16.8,0.44,0.10845358,0.5
1:2,[EimH]Cl,EG,303.2,30.3,0.44,0.17065584,0.5
1:2,[EimH]Cl,EG,303.2,40.2,0.44,0.21120582,0.5
1:2,[EimH]Cl,EG,303.2,50.8,0.44,0.25310106,0.5
1:2,[EimH]Cl,EG,303.2,69.4,0.44,0.32324676,0.5
1:2,[EimH]Cl,EG,303.2,84.2,0.44,0.37788994,0.5
1:2,[EimH]Cl,EG,303.2,103.2,0.44,0.44419204,0.5
1:2,[EimH]Cl,EG,303.2,115.6,0.44,0.48570292,0.5
1:2,[EimH]Cl,EG,313.2,0.8,0.44,0.006406,0.5
1:2,[EimH]Cl,EG,313.2,3.3,0.44,0.02030702,0.5
1:2,[EimH]Cl,EG,313.2,8.2,0.44,0.04593102,0.5
1:2,[EimH]Cl,EG,313.2,12.6,0.44,0.06675052,0.5
1:2,[EimH]Cl,EG,313.2,19.5,0.44,0.09679466,0.5
1:2,[EimH]Cl,EG,313.2,34.7,0.44,0.15387212,0.5
1:2,[EimH]Cl,EG,313.2,52.2,0.44,0.2152416,0.5
1:2,[EimH]Cl,EG,313.2,75.1,0.44,0.28679662,0.5
1:2,[EimH]Cl,EG,313.2,93.2,0.44,0.34086326,0.5
1:2,[EimH]Cl,EG,313.2,108.7,0.44,0.38391158,0.5
1:2,[EimH]Cl,EG,313.2,123.8,0.44,0.4276005,0.5
1:2,[EimH]Cl,EG,323.2,4.4,0.44,0.01806492,0.5
1:2,[EimH]Cl,EG,323.2,7.9,0.44,0.03151752,0.5
1:2,[EimH]Cl,EG,323.2,11.2,0.44,0.0438811,0.5
1:2,[EimH]Cl,EG,323.2,18.9,0.44,0.07020976,0.5
1:2,[EimH]Cl,EG,323.2,27.6,0.44,0.09942112,0.5
1:2,[EimH]Cl,EG,323.2,35.5,0.44,0.12318738,0.5
1:2,[EimH]Cl,EG,323.2,52.1,0.44,0.1687981,0.5
1:2,[EimH]Cl,EG,323.2,74.6,0.44,0.22561932,0.5
1:2,[EimH]Cl,EG,323.2,91.7,0.44,0.2668099,0.5
1:2,[EimH]Cl,EG,323.2,106.8,0.44,0.30383658,0.5
1:2,[EimH]Cl,EG,323.2,120.6,0.44,0.33573846,0.5
3:1,[EimH][MOA],EG,293.2,2.0,0.23,0.05208078,3.0
3:1,[EimH][MOA],EG,293.2,3.6,0.23,0.08109996,3.0
3:1,[EimH][MOA],EG,293.2,6.8,0.23,0.12805594,3.0
3:1,[EimH][MOA],EG,293.2,12.3,0.23,0.18558182,3.0
3:1,[EimH][MOA],EG,293.2,21.0,0.23,0.25354948,3.0
3:1,[EimH][MOA],EG,293.2,32.1,0.23,0.31748136,3.0
3:1,[EimH][MOA],EG,293.2,49.1,0.23,0.4211945,3.0
3:1,[EimH][MOA],EG,293.2,63.7,0.23,0.50850828,3.0
3:1,[EimH][MOA],EG,293.2,84.3,0.23,0.61318232,3.0
3:1,[EimH][MOA],EG,293.2,98.4,0.23,0.6841608,3.0
3:1,[EimH][MOA],EG,293.2,117.5,0.23,0.778329,3.0
3:1,[EimH][MOA],EG,303.2,1.2,0.23,0.0240225,3.0
3:1,[EimH][MOA],EG,303.2,3.7,0.23,0.06380376,3.0
3:1,[EimH][MOA],EG,303.2,9.2,0.23,0.12145776,3.0
3:1,[EimH][MOA],EG,303.2,14.1,0.23,0.16732472,3.0
3:1,[EimH][MOA],EG,303.2,20.9,0.23,0.21440882,3.0
3:1,[EimH][MOA],EG,303.2,31.8,0.23,0.2674505,3.0
3:1,[EimH][MOA],EG,303.2,40.8,0.23,0.31434242,3.0
3:1,[EimH][MOA],EG,303.2,62.3,0.23,0.41440414,3.0
3:1,[EimH][MOA],EG,303.2,92.7,0.23,0.54181948,3.0
3:1,[EimH][MOA],EG,303.2,104.1,0.23,0.58954418,3.0
3:1,[EimH][MOA],EG,303.2,121.5,0.23,0.6578962,3.0
3:1,[EimH][MOA],EG,313.2,1.2,0.23,0.01768056,3.0
3:1,[EimH][MOA],EG,313.2,3.9,0.23,0.05227296,3.0
3:1,[EimH][MOA],EG,313.2,8.5,0.23,0.0976915,3.0
3:1,[EimH][MOA],EG,313.2,12.7,0.23,0.13318074,3.0
3:1,[EimH][MOA],EG,313.2,21.0,0.23,0.1835319,3.0
3:1,[EimH][MOA],EG,313.2,33.4,0.23,0.23644546,3.0
3:1,[EimH][MOA],EG,313.2,40.8,0.23,0.2680911,3.0
3:1,[EimH][MOA],EG,313.2,56.9,0.23,0.33138238,3.0
3:1,[EimH][MOA],EG,313.2,73.8,0.23,0.3904457,3.0
3:1,[EimH][MOA],EG,313.2,93.9,0.23,0.4557869,3.0
3:1,[EimH][MOA],EG,313.2,123.9,0.23,0.56289522,3.0
3:1,[EimH][MOA],EG,323.2,1.4,0.23,0.01543846,3.0
3:1,[EimH][MOA],EG,323.2,3.8,0.23,0.04221554,3.0
3:1,[EimH][MOA],EG,323.2,8.0,0.23,0.07828132,3.0
3:1,[EimH][MOA],EG,323.2,13.3,0.23,0.11665326,3.0
3:1,[EimH][MOA],EG,323.2,22.2,0.23,0.16841374,3.0
3:1,[EimH][MOA],EG,323.2,35.8,0.23,0.22139136,3.0
3:1,[EimH][MOA],EG,323.2,49.4,0.23,0.26463186,3.0
3:1,[EimH][MOA],EG,323.2,62.4,0.23,0.30889732,3.0
3:1,[EimH][MOA],EG,323.2,83.9,0.23,0.37398228,3.0
3:1,[EimH][MOA],EG,323.2,94.2,0.23,0.40332176,3.0
3:1,[EimH][MOA],EG,323.2,113.4,0.23,0.46257726,3.0
3:1,[EimH][TFA],EG,293.2,1.0,0.29,0.0166556,3.0
3:1,[EimH][TFA],EG,293.2,3.1,0.29,0.04637944,3.0
3:1,[EimH][TFA],EG,293.2,7.0,0.29,0.08340612,3.0
3:1,[EimH][TFA],EG,293.2,14.1,0.29,0.1300418,3.0
3:1,[EimH][TFA],EG,293.2,23.3,0.29,0.1816101,3.0
3:1,[EimH][TFA],EG,293.2,38.4,0.29,0.2559197,3.0
3:1,[EimH][TFA],EG,293.2,57.8,0.29,0.33842898,3.0
3:1,[EimH][TFA],EG,293.2,72.9,0.29,0.40364206,3.0
3:1,[EimH][TFA],EG,293.2,85.4,0.29,0.45437758,3.0
3:1,[EimH][TFA],EG,293.2,107.2,0.29,0.54271632,3.0
3:1,[EimH][TFA],EG,293.2,117.2,0.29,0.58185698,3.0
3:1,[EimH][TFA],EG,303.2,1.2,0.29,0.01595094,3.0
3:1,[EimH][TFA],EG,303.2,4.8,0.29,0.04810906,3.0
3:1,[EimH][TFA],EG,303.2,9.1,0.29,0.07770478,3.0
3:1,[EimH][TFA],EG,303.2,16.7,0.29,0.11998438,3.0
3:1,[EimH][TFA],EG,303.2,34.3,0.29,0.19045038,3.0
3:1,[EimH][TFA],EG,303.2,46.3,0.29,0.23279404,3.0
3:1,[EimH][TFA],EG,303.2,61.2,0.29,0.27872506,3.0
3:1,[EimH][TFA],EG,303.2,75.5,0.29,0.32337488,3.0
3:1,[EimH][TFA],EG,303.2,88.5,0.29,0.36206712,3.0
3:1,[EimH][TFA],EG,303.2,101.7,0.29,0.40075936,3.0
3:1,[EimH][TFA],EG,303.2,110.3,0.29,0.4266396,3.0
3:1,[EimH][TFA],EG,313.2,2.9,0.29,0.0269052,3.0
3:1,[EimH][TFA],EG,313.2,7.9,0.29,0.05598844,3.0
3:1,[EimH][TFA],EG,313.2,12.3,0.29,0.07533456,3.0
3:1,[EimH][TFA],EG,313.2,21.6,0.29,0.1127456,3.0
3:1,[EimH][TFA],EG,313.2,32.0,0.29,0.14394282,3.0
3:1,[EimH][TFA],EG,313.2,46.5,0.29,0.18442874,3.0
3:1,[EimH][TFA],EG,313.2,59.3,0.29,0.21498536,3.0
3:1,[EimH][TFA],EG,313.2,76.6,0.29,0.25457444,3.0
3:1,[EimH][TFA],EG,313.2,86.2,0.29,0.27532988,3.0
3:1,[EimH][TFA],EG,313.2,104.0,0.29,0.31620016,3.0
3:1,[EimH][TFA],EG,313.2,125.1,0.29,0.36078592,3.0
3:1,[EimH][TFA],EG,323.2,2.0,0.29,0.01639936,3.0
3:1,[EimH][TFA],EG,323.2,4.6,0.29,0.03177376,3.0
3:1,[EimH][TFA],EG,323.2,6.3,0.29,0.03997344,3.0
3:1,[EimH][TFA],EG,323.2,14.4,0.29,0.06848014,3.0
3:1,[EimH][TFA],EG,323.2,24.4,0.29,0.09500098,3.0
3:1,[EimH][TFA],EG,323.2,37.6,0.29,0.12478888,3.0
3:1,[EimH][TFA],EG,323.2,54.4,0.29,0.15874068,3.0
3:1,[EimH][TFA],EG,323.2,68.4,0.29,0.18647866,3.0
3:1,[EimH][TFA],EG,323.2,82.1,0.29,0.21274326,3.0
3:1,[EimH][TFA],EG,323.2,98.4,0.29,0.23913598,3.0
3:1,[EimH][TFA],EG,323.2,121.5,0.29,0.27699544,3.0
3:1,[EimH]Cl,EG,293.2,1.7,5.0,0.02523964,3.0
3:1,[EimH]Cl,EG,293.2,6.9,5.0,0.07225968,3.0
3:1,[EimH]Cl,EG,293.2,11.5,5.0,0.1130659,3.0
3:1,[EimH]Cl,EG,293.2,16.1,5.0,0.1527831,3.0
3:1,[EimH]Cl,EG,293.2,24.6,5.0,0.2152416,3.0
3:1,[EimH]Cl,EG,293.2,38.7,5.0,0.29044804,3.0
3:1,[EimH]Cl,EG,293.2,51.4,5.0,0.36892154,3.0
3:1,[EimH]Cl,EG,293.2,61.3,5.0,0.42561464,3.0
3:1,[EimH]Cl,EG,293.2,74.2,5.0,0.49492756,3.0
3:1,[EimH]Cl,EG,293.2,91.4,5.0,0.5720558,3.0
3:1,[EimH]Cl,EG,293.2,114.5,5.0,0.675833,3.0
1:3,[TEA]Cl,Im,293.15,100.0,0.0,1.251,0.3333333333333333
1:2,[TEA]Cl,Pyr,293.15,100.0,0.0,0.988,0.5
1:3,[TEA]Cl,Pyr,293.15,100.0,0.0,0.891,0.3333333333333333
1:2,[TEA]Cl,Tetz,293.15,100.0,0.0,0.756,0.5
1:3,[TEA]Cl,Im,303.15,10.0,0.0,0.51,0.3333333333333333
1:3,[TEA]Cl,Im,303.15,20.0,0.0,0.69,0.3333333333333333
1:3,[TEA]Cl,Im,303.15,40.0,0.0,0.81,0.3333333333333333
1:3,[TEA]Cl,Im,303.15,60.0,0.0,0.88,0.3333333333333333
1:3,[TEA]Cl,Im,303.15,80.0,0.0,0.98,0.3333333333333333
1:3,[TEA]Cl,Im,303.15,100.0,0.0,1.06,0.3333333333333333
1:2,[TEA]Cl,Pyr,303.15,10.0,0.0,0.29,0.5
1:2,[TEA]Cl,Pyr,303.15,20.0,0.0,0.38,0.5
1:2,[TEA]Cl,Pyr,303.15,40.0,0.0,0.48,0.5
1:2,[TEA]Cl,Pyr,303.15,60.0,0.0,0.61,0.5
1:2,[TEA]Cl,Pyr,303.15,80.0,0.0,0.68,0.5
1:2,[TEA]Cl,Pyr,303.15,100.0,0.0,0.8,0.5
1:3,[TEA]Cl,Pyr,303.15,10.0,0.0,0.22,0.3333333333333333
1:3,[TEA]Cl,Pyr,303.15,20.0,0.0,0.31,0.3333333333333333
1:3,[TEA]Cl,Pyr,303.15,40.0,0.0,0.41,0.3333333333333333
1:3,[TEA]Cl,Pyr,303.15,60.0,0.0,0.56,0.3333333333333333
1:3,[TEA]Cl,Pyr,303.15,80.0,0.0,0.6,0.3333333333333333
1:3,[TEA]Cl,Pyr,303.15,100.0,0.0,0.71,0.3333333333333333
1:2,[TEA]Cl,Tetz,303.15,10.0,0.0,0.21,0.5
1:2,[TEA]Cl,Tetz,303.15,20.0,0.0,0.3,0.5
1:2,[TEA]Cl,Tetz,303.15,40.0,0.0,0.4,0.5
1:2,[TEA]Cl,Tetz,303.15,60.0,0.0,0.53,0.5
1:2,[TEA]Cl,Tetz,303.15,80.0,0.0,0.58,0.5
1:2,[TEA]Cl,Tetz,303.15,100.0,0.0,0.66,0.5
1:3,[TEA]Cl,Im,313.15,100.0,0.0,0.94,0.3333333333333333
1:3,[TEA]Cl,Im,323.15,100.0,0.0,0.8,0.3333333333333333
1:3,[TEA]Cl,Im,333.15,100.0,0.0,0.52,0.3333333333333333
1:2,[TEA]Cl,Pyr,313.15,100.0,0.0,0.53,0.5
1:2,[TEA]Cl,Pyr,323.15,100.0,0.0,0.42,0.5
1:2,[TEA]Cl,Pyr,333.15,100.0,0.0,0.31,0.5
1:3,[TEA]Cl,Pyr,313.15,100.0,0.0,0.54,0.3333333333333333
1:3,[TEA]Cl,Pyr,323.15,100.0,0.0,0.45,0.3333333333333333
1:3,[TEA]Cl,Pyr,333.15,100.0,0.0,0.38,0.3333333333333333
1:2,[TEA]Cl,Tetz,313.15,100.0,0.0,0.62,0.5
1:2,[TEA]Cl,Tetz,323.15,100.0,0.0,0.53,0.5
1:2,[TEA]Cl,Tetz,333.15,100.0,0.0,0.41,0.5
0.5:1,[Emim]Cl,2-NH2Py,298.15,100.0,0.0,1.009,0.5
1:1,[Emim]Cl,2-NH2Py,298.15,100.0,0.0,1.056,1.0
2:1,[Emim]Cl,2-NH2Py,298.15,100.0,0.0,1.066,2.0
3:1,[Emim]Cl,2-NH2Py,298.15,100.0,0.0,1.081,3.0
4:1,[Emim]Cl,2-NH2Py,298.15,100.0,0.0,1.072,4.0
5:1,[Emim]Cl,2-NH2Py,298.15,100.0,0.0,1.145,5.0
6:1,[Emim]Cl,2-NH2Py,298.15,100.0,0.0,1.179,6.0
7:1,[Emim]Cl,2-NH2Py,298.15,100.0,0.0,1.247,7.0
8:1,[Emim]Cl,2-NH2Py,298.15,100.0,0.0,1.195,8.0
7:1,[Emim]Cl,3-NH2Py,298.15,100.0,0.0,1.244,7.0
7:1,[Emim]Cl,4-NH2Py,298.15,100.0,0.0,1.246,7.0
7:1,[Emim]Cl,3-OHPy,298.15,100.0,0.0,1.21,7.0
7:1,[Emim]Cl,4-OHPy,298.15,100.0,0.0,1.231,7.0
7:1,[Emim]Cl,2-NH2Py,293.15,30.0,0.0,0.92,7.0
7:1,[Emim]Cl,2-NH2Py,293.15,40.0,0.0,1.02,7.0
7:1,[Emim]Cl,2-NH2Py,293.15,50.0,0.0,1.1,7.0
7:1,[Emim]Cl,2-NH2Py,293.15,60.0,0.0,1.2,7.0
7:1,[Emim]Cl,2-NH2Py,293.15,70.0,0.0,1.25,7.0
7:1,[Emim]Cl,2-NH2Py,293.15,80.0,0.0,1.33,7.0
7:1,[Emim]Cl,2-NH2Py,293.15,90.0,0.0,1.42,7.0
7:1,[Emim]Cl,2-NH2Py,298.15,30.0,0.0,0.8,7.0
7:1,[Emim]Cl,2-NH2Py,298.15,40.0,0.0,0.89,7.0
7:1,[Emim]Cl,2-NH2Py,298.15,50.0,0.0,0.94,7.0
7:1,[Emim]Cl,2-NH2Py,298.15,60.0,0.0,1.01,7.0
7:1,[Emim]Cl,2-NH2Py,298.15,70.0,0.0,1.08,7.0
7:1,[Emim]Cl,2-NH2Py,298.15,80.0,0.0,1.14,7.0
7:1,[Emim]Cl,2-NH2Py,298.15,90.0,0.0,1.19,7.0
7:1,[Emim]Cl,2-NH2Py,313.15,30.0,0.0,0.62,7.0
7:1,[Emim]Cl,2-NH2Py,313.15,40.0,0.0,0.7,7.0
7:1,[Emim]Cl,2-NH2Py,313.15,50.0,0.0,0.73,7.0
7:1,[Emim]Cl,2-NH2Py,313.15,60.0,0.0,0.78,7.0
7:1,[Emim]Cl,2-NH2Py,313.15,70.0,0.0,0.83,7.0
7:1,[Emim]Cl,2-NH2Py,313.15,80.0,0.0,0.89,7.0
7:1,[Emim]Cl,2-NH2Py,313.15,90.0,0.0,0.91,7.0
7:1,[Emim]Cl,2-NH2Py,313.15,100.0,0.0,0.94,7.0
7:1,[Emim]Cl,2-NH2Py,333.15,30.0,0.0,0.42,7.0
7:1,[Emim]Cl,2-NH2Py,333.15,40.0,0.0,0.49,7.0
7:1,[Emim]Cl,2-NH2Py,333.15,50.0,0.0,0.53,7.0
7:1,[Emim]Cl,2-NH2Py,333.15,60.0,0.0,0.58,7.0
7:1,[Emim]Cl,2-NH2Py,333.15,70.0,0.0,0.61,7.0
7:1,[Emim]Cl,2-NH2Py,333.15,80.0,0.0,0.63,7.0
7:1,[Emim]Cl,2-NH2Py,333.15,90.0,0.0,0.66,7.0
7:1,[Emim]Cl,2-NH2Py,333.15,100.0,0.0,0.7,7.0
7:1,[Emim]Cl,2-NH2Py,353.15,30.0,0.0,0.34,7.0
7:1,[Emim]Cl,2-NH2Py,353.15,40.0,0.0,0.4,7.0
7:1,[Emim]Cl,2-NH2Py,353.15,50.0,0.0,0.44,7.0
7:1,[Emim]Cl,2-NH2Py,353.15,60.0,0.0,0.49,7.0
7:1,[Emim]Cl,2-NH2Py,353.15,70.0,0.0,0.51,7.0
7:1,[Emim]Cl,2-NH2Py,353.15,80.0,0.0,0.52,7.0
7:1,[Emim]Cl,2-NH2Py,353.15,90.0,0.0,0.55,7.0
7:1,[Emim]Cl,2-NH2Py,353.15,100.0,0.0,0.58,7.0
1:1,ACC,EG,303.2,1.7,0.0,0.043104419,1.0
1:1,ACC,EG,303.2,3.6,0.0,0.082003528,1.0
1:1,ACC,EG,303.2,6.1,0.0,0.119851311,1.0
1:1,ACC,EG,303.2,8.8,0.0,0.153756616,1.0
1:1,ACC,EG,303.2,11.9,0.0,0.185559266,1.0
1:1,ACC,EG,303.2,14.8,0.0,0.211579617,1.0
1:1,ACC,EG,303.2,18.0,0.0,0.236811472,1.0
1:1,ACC,EG,303.2,21.5,0.0,0.262043327,1.0
1:1,ACC,EG,303.2,26.2,0.0,0.293583145,1.0
1:1,ACC,EG,303.2,32.2,0.0,0.331168096,1.0
1:1,ACC,EG,303.2,38.9,0.0,0.368227383,1.0
1:1,ACC,EG,303.2,45.8,0.0,0.40528667,1.0
1:1,ACC,EG,303.2,53.0,0.0,0.440768966,1.0
1:1,ACC,EG,303.2,61.6,0.0,0.48177073,1.0
1:1,ACC,EG,303.2,69.3,0.0,0.516990194,1.0
1:1,ACC,EG,303.2,79.5,0.0,0.561671604,1.0
1:1,ACC,EG,303.2,89.5,0.0,0.60582735,1.0
1:1,ACC,EG,303.2,99.7,0.0,0.648931769,1.0
1:1,ACC,"1, 3-PDO",303.2,1.4,0.0,0.036781813,1.0
1:1,ACC,"1, 3-PDO",303.2,2.9,0.0,0.062379966,1.0
1:1,ACC,"1, 3-PDO",303.2,4.6,0.0,0.090214851,1.0
1:1,ACC,"1, 3-PDO",303.2,7.1,0.0,0.120037942,1.0
1:1,ACC,"1, 3-PDO",303.2,10.0,0.0,0.149861034,1.0
1:1,ACC,"1, 3-PDO",303.2,13.9,0.0,0.18465464,1.0
1:1,ACC,"1, 3-PDO",303.2,18.4,0.0,0.218702669,1.0
1:1,ACC,"1, 3-PDO",303.2,24.0,0.0,0.256230059,1.0
1:1,ACC,"1, 3-PDO",303.2,30.4,0.0,0.293508923,1.0
1:1,ACC,"1, 3-PDO",303.2,37.5,0.0,0.33178189,1.0
1:1,ACC,"1, 3-PDO",303.2,45.4,0.0,0.37104896,1.0
1:1,ACC,"1, 3-PDO",303.2,52.9,0.0,0.407582247,1.0
1:1,ACC,"1, 3-PDO",303.2,60.9,0.0,0.443121431,1.0
1:1,ACC,"1, 3-PDO",303.2,69.8,0.0,0.481145872,1.0
1:1,ACC,"1, 3-PDO",303.2,79.9,0.0,0.5228982,1.0
1:1,ACC,"1, 3-PDO",303.2,89.7,0.0,0.563159373,1.0
1:1,ACC,"1, 3-PDO",303.2,99.9,0.0,0.603917598,1.0
1:1,ACC,TG,303.2,1.7,0.0,0.003281861,1.0
1:1,ACC,TG,303.2,3.8,0.0,0.007335925,1.0
1:1,ACC,TG,303.2,7.1,0.0,0.013706597,1.0
1:1,ACC,TG,303.2,12.4,0.0,0.023938282,1.0
1:1,ACC,TG,303.2,18.5,0.0,0.035714372,1.0
1:1,ACC,TG,303.2,22.3,0.0,0.043050297,1.0
1:1,ACC,TG,303.2,29.7,0.0,0.057336046,1.0
1:1,ACC,TG,303.2,37.4,0.0,0.072200946,1.0
1:1,ACC,TG,303.2,45.1,0.0,0.087065847,1.0
1:1,ACC,TG,303.2,53.2,0.0,0.10270295,1.0
1:1,ACC,TG,303.2,61.4,0.0,0.118533104,1.0
1:1,ACC,TG,303.2,72.9,0.0,0.14073393,1.0
1:1,ACC,TG,303.2,81.8,0.0,0.157915439,1.0
1:1,ACC,TG,303.2,90.4,0.0,0.174517795,1.0
1:1,ACC,TG,303.2,90.6,0.0,0.174903897,1.0
1:2,ACC,TG,303.2,1.8,0.0,0.0291061,0.5
1:2,ACC,TG,303.2,4.0,0.0,0.058478008,0.5
1:2,ACC,TG,303.2,6.7,0.0,0.084527303,0.5
1:2,ACC,TG,303.2,10.1,0.0,0.114829544,0.5
1:2,ACC,TG,303.2,14.5,0.0,0.145530498,0.5
1:2,ACC,TG,303.2,19.1,0.0,0.173972075,0.5
1:2,ACC,TG,303.2,23.7,0.0,0.201749129,0.5
1:2,ACC,TG,303.2,29.2,0.0,0.229393278,0.5
1:2,ACC,TG,303.2,34.5,0.0,0.255043859,0.5
1:2,ACC,TG,303.2,41.5,0.0,0.287339668,0.5
1:2,ACC,TG,303.2,48.8,0.0,0.318173527,0.5
1:2,ACC,TG,303.2,56.2,0.0,0.349273195,0.5
1:2,ACC,TG,303.2,63.7,0.0,0.379043817,0.5
1:2,ACC,TG,303.2,72.7,0.0,0.413997718,0.5
1:2,ACC,TG,303.2,82.1,0.0,0.449749046,0.5
1:2,ACC,TG,303.2,90.6,0.0,0.48191195,0.5
1:2,ACC,TG,303.2,102.0,0.0,0.525371743,0.5
1:3,ACC,TG,303.2,1.7,0.0,0.019456032,0.3333333333333333
1:3,ACC,TG,303.2,3.6,0.0,0.039520066,0.3333333333333333
1:3,ACC,TG,303.2,5.8,0.0,0.059280099,0.3333333333333333
1:3,ACC,TG,303.2,9.8,0.0,0.087754813,0.3333333333333333
1:3,ACC,TG,303.2,13.8,0.0,0.114810858,0.3333333333333333
1:3,ACC,TG,303.2,18.6,0.0,0.141765569,0.3333333333333333
1:3,ACC,TG,303.2,23.1,0.0,0.165477609,0.3333333333333333
1:3,ACC,TG,303.2,28.2,0.0,0.19040565,0.3333333333333333
1:3,ACC,TG,303.2,33.8,0.0,0.216347027,0.3333333333333333
1:3,ACC,TG,303.2,40.9,0.0,0.245531076,0.3333333333333333
1:3,ACC,TG,303.2,47.9,0.0,0.273499122,0.3333333333333333
1:3,ACC,TG,303.2,55.5,0.0,0.303088505,0.3333333333333333
1:3,ACC,TG,303.2,64.5,0.0,0.337541895,0.3333333333333333
1:3,ACC,TG,303.2,72.3,0.0,0.366219276,0.3333333333333333
1:3,ACC,TG,303.2,81.0,0.0,0.398240663,0.3333333333333333
1:3,ACC,TG,303.2,90.2,0.0,0.430667384,0.3333333333333333
1:3,ACC,TG,303.2,99.7,0.0,0.464107439,0.3333333333333333
1:1,ACC,Gly,303.2,1.1,0.0,0.018252446,1.0
1:1,ACC,Gly,303.2,2.7,0.0,0.03931296,1.0
1:1,ACC,Gly,303.2,4.5,0.0,0.061309497,1.0
1:1,ACC,Gly,303.2,7.9,0.0,0.092900268,1.0
1:1,ACC,Gly,303.2,12.2,0.0,0.127299108,1.0
1:1,ACC,Gly,303.2,15.9,0.0,0.152337719,1.0
1:1,ACC,Gly,303.2,19.9,0.0,0.177376331,1.0
1:1,ACC,Gly,303.2,25.1,0.0,0.206393039,1.0
1:1,ACC,Gly,303.2,30.1,0.0,0.231899662,1.0
1:1,ACC,Gly,303.2,37.2,0.0,0.26583049,1.0
1:1,ACC,Gly,303.2,44.1,0.0,0.296251233,1.0
1:1,ACC,Gly,303.2,52.0,0.0,0.327373993,1.0
1:1,ACC,Gly,303.2,60.2,0.0,0.359432775,1.0
1:1,ACC,Gly,303.2,69.6,0.0,0.394767638,1.0
1:1,ACC,Gly,303.2,80.0,0.0,0.432208552,1.0
1:1,ACC,Gly,303.2,89.9,0.0,0.467309409,1.0
1:1,ACC,Gly,303.2,100.3,0.0,0.502410266,1.0
1:1,ACC,TG,313.2,1.5,0.0,0.02046337,1.0
1:1,ACC,TG,313.2,3.1,0.0,0.044208601,1.0
1:1,ACC,TG,313.2,5.2,0.0,0.065637224,1.0
1:1,ACC,TG,313.2,7.5,0.0,0.089382455,1.0
1:1,ACC,TG,313.2,10.0,0.0,0.110618027,1.0
1:1,ACC,TG,313.2,13.2,0.0,0.133591056,1.0
1:1,ACC,TG,313.2,16.8,0.0,0.157722388,1.0
1:1,ACC,TG,313.2,20.4,0.0,0.176641352,1.0
1:1,ACC,TG,313.2,25.1,0.0,0.201930989,1.0
1:1,ACC,TG,313.2,30.1,0.0,0.226448422,1.0
1:1,ACC,TG,313.2,36.9,0.0,0.256564325,1.0
1:1,ACC,TG,313.2,43.0,0.0,0.281660911,1.0
1:1,ACC,TG,313.2,50.4,0.0,0.311004611,1.0
1:1,ACC,TG,313.2,59.7,0.0,0.344209324,1.0
1:1,ACC,TG,313.2,69.4,0.0,0.378958443,1.0
1:1,ACC,TG,313.2,80.4,0.0,0.415058916,1.0
1:1,ACC,TG,313.2,90.2,0.0,0.447491426,1.0
1:1,ACC,TG,313.2,101.3,0.0,0.482819697,1.0
1:1,ACC,TG,323.2,1.6,0.0,0.019305066,1.0
1:1,ACC,TG,323.2,3.1,0.0,0.03532827,1.0
1:1,ACC,TG,323.2,6.0,0.0,0.061390109,1.0
1:1,ACC,TG,323.2,8.6,0.0,0.079536871,1.0
1:1,ACC,TG,323.2,11.7,0.0,0.098648886,1.0
1:1,ACC,TG,323.2,16.0,0.0,0.122008016,1.0
1:1,ACC,TG,323.2,20.5,0.0,0.142471386,1.0
1:1,ACC,TG,323.2,24.3,0.0,0.159073743,1.0
1:1,ACC,TG,323.2,31.2,0.0,0.185135581,1.0
1:1,ACC,TG,323.2,38.8,0.0,0.210618268,1.0
1:1,ACC,TG,323.2,47.7,0.0,0.238224513,1.0
1:1,ACC,TG,323.2,57.6,0.0,0.26679601,1.0
1:1,ACC,TG,323.2,68.5,0.0,0.295753609,1.0
1:1,ACC,TG,323.2,78.9,0.0,0.32258765,1.0
1:1,ACC,TG,323.2,89.4,0.0,0.347877287,1.0
1:1,ACC,TG,323.2,100.6,0.0,0.374132176,1.0
1:1,ACC,TG,333.2,1.3,0.0,0.013127445,1.0
1:1,ACC,TG,333.2,2.5,0.0,0.023938282,1.0
1:1,ACC,TG,333.2,4.2,0.0,0.037258777,1.0
1:1,ACC,TG,333.2,6.2,0.0,0.051737576,1.0
1:1,ACC,TG,333.2,9.2,0.0,0.068532984,1.0
1:1,ACC,TG,333.2,12.5,0.0,0.08513534,1.0
1:1,ACC,TG,333.2,15.9,0.0,0.100193292,1.0
1:1,ACC,TG,333.2,19.2,0.0,0.112741585,1.0
1:1,ACC,TG,333.2,23.6,0.0,0.12895784,1.0
1:1,ACC,TG,333.2,28.5,0.0,0.144981045,1.0
1:1,ACC,TG,333.2,34.7,0.0,0.163127806,1.0
1:1,ACC,TG,333.2,41.8,0.0,0.182625923,1.0
1:1,ACC,TG,333.2,50.3,0.0,0.203668445,1.0
1:1,ACC,TG,333.2,60.0,0.0,0.226255372,1.0
1:1,ACC,TG,333.2,69.7,0.0,0.247297893,1.0
1:1,ACC,TG,333.2,80.3,0.0,0.268340415,1.0
1:1,ACC,TG,333.2,90.3,0.0,0.288996836,1.0
1:1,ACC,TG,333.2,100.4,0.0,0.3079158,1.0
2:1,[Bmim]Cl,2-OHPy,293.15,100.0,0.133,1.1,2.0
1:1,[Bmim]Cl,2-OHPy,293.15,100.0,0.0967,1.09,1.0
2:3,[Bmim]Cl,2-OHPy,293.15,100.0,0.1533,1.05,0.6666666666666666
2:1,[Bmim]Cl,3-OHPy,293.15,100.0,0.1351,1.14,2.0
1:1,[Bmim]Cl,3-OHPy,293.15,100.0,0.1216,1.11,1.0
2:3,[Bmim]Cl,3-OHPy,293.15,100.0,0.104,1.08,0.6666666666666666
2:1,[Bmim]Cl,4-OHPy,293.15,100.0,0.1342,1.16,2.0
1:1,[Bmim]Cl,4-OHPy,293.15,100.0,0.1148,1.14,1.0
2:3,[Bmim]Cl,4-OHPy,293.15,100.0,0.1134,1.11,0.6666666666666666
1:1,[Bmim]Cl,2-OHPy,303.15,100.0,0.0967,0.88,1.0
1:1,[Bmim]Cl,2-OHPy,313.15,100.0,0.0967,0.77,1.0
1:1,[Bmim]Cl,2-OHPy,323.15,100.0,0.0967,0.67,1.0
1:1,[Bmim]Cl,2-OHPy,333.15,100.0,0.0967,0.56,1.0
1:1,[Bmim]Cl,3-OHPy,303.15,100.0,0.1216,0.91,1.0
1:1,[Bmim]Cl,3-OHPy,313.15,100.0,0.1216,0.78,1.0
1:1,[Bmim]Cl,3-OHPy,323.15,100.0,0.1216,0.67,1.0
1:1,[Bmim]Cl,3-OHPy,333.15,100.0,0.1216,0.58,1.0
1:1,[Bmim]Cl,4-OHPy,303.15,100.0,0.1148,0.97,1.0
1:1,[Bmim]Cl,4-OHPy,313.15,100.0,0.1148,0.81,1.0
1:1,[Bmim]Cl,4-OHPy,323.15,100.0,0.1148,0.71,1.0
1:1,[Bmim]Cl,4-OHPy,333.15,100.0,0.1148,0.63,1.0
2:1,[Bmim]Cl,3-OHPy,293.15,50.0,0.1351,0.82,2.0
2:1,[Bmim]Cl,3-OHPy,293.15,10.0,0.1351,0.43,2.0
2:1,[Bmim]Cl,3-OHPy,293.15,0.2,0.1351,0.07,2.0
2:1,[Bmim]Cl,4-OHPy,293.15,50.0,0.1342,0.85,2.0
2:1,[Bmim]Cl,4-OHPy,293.15,10.0,0.1342,0.46,2.0
1:1,[Bmim]Cl,4-OHPy,293.15,0.2,0.1148,0.15,1.0
2:1,[Bmim]Cl,4-OHPy,293.15,100.0,10.0,0.93,2.0
2:1,[Bmim]Cl,4-OHPy,293.15,100.0,20.0,0.75,2.0
